{
  "type": "FeatureCollection",
  "features": [
    {
      "type": "Feature",
      "geometry": {
        "type": "Point",
        "coordinates": [
          14.40739,
          50.08615
        ]
      },
      "properties": {
        "id": "05C3657005B911E389696C626D41E503",
        "group_id": "fab46471fb6f846626ebcda5769e62f59cf0d73c",
        "kind": "pozitiv",
        "description": "Pohled na dům čp. 490 (palác Metychů z Čečova - Hrzánský) na Velkopřevorském náměstí na Malé Straně s renesančním portálem.",
        "date_label": "1970",
        "start_date": "1970-01-01",
        "end_date": "1970-12-31",
        "author": "Vopravil, Josef (1902-1972)",
        "signature": "I 9765",
        "note": "",
        "views": "27x",
        "geolocation_type": "regional.address",
        "scan_count": 1,
        "scan_previews": [
          "https://images.ahmp.cz/mrimage/ahmp_watermark/image/cz/archives/CZ-321100010/NAD-157/dao/images/0022/a305c7598245f2f8ea2e2a64cd88d3ad.jpg/nahled_maly.jpg"
        ],
        "scan_zoomify_paths": [
          "https://images.ahmp.cz/mrimage/ahmp_watermark/zoomify/cz/archives/CZ-321100010/NAD-157/dao/images/0022/a305c7598245f2f8ea2e2a64cd88d3ad.jpg"
        ]
      }
    },
    {
      "type": "Feature",
      "geometry": {
        "type": "Point",
        "coordinates": [
          14.4039,
          50.08553
        ]
      },
      "properties": {
        "id": "05772FB9432A11E489DAD4BED94BB14D",
        "group_id": "07c1244763e99e367876d8efd79be6ad37b5b011",
        "kind": "negativ",
        "description": "Reprodukce nákresu a půdorysu kostela P. Marie Vítězné v Karmelitské ulici na Malé Straně.",
        "date_label": "28.8.1911",
        "start_date": "1911-08-28",
        "end_date": "1911-08-28",
        "author": "Eckert-ateliér",
        "signature": "X 8380",
        "note": "",
        "views": "19x",
        "geolocation_type": "regional.address",
        "scan_count": 1,
        "scan_previews": [
          "https://images.ahmp.cz/mrimage/ahmp_watermark/image/cz/archives/CZ-321100010/NAD-157/dao/images/0023/6be66a57ff38293733cc7a09a4cbeeec.jpg/nahled_maly.jpg"
        ],
        "scan_zoomify_paths": [
          "https://images.ahmp.cz/mrimage/ahmp_watermark/zoomify/cz/archives/CZ-321100010/NAD-157/dao/images/0023/6be66a57ff38293733cc7a09a4cbeeec.jpg"
        ]
      }
    },
    {
      "type": "Feature",
      "geometry": {
        "type": "Point",
        "coordinates": [
          14.40739,
          50.08615
        ]
      },
      "properties": {
        "id": "0E0C9E2305B711E389696C626D41E503",
        "group_id": "d5def9e88296290a278082b8e5cf5f23be49952b",
        "kind": "pozitiv",
        "description": "Pohled na dům čp. 490 (palác Metychů z Čečova - Hrzánský) na Velkopřevorském náměstí na Malé Straně s renesančním portálem.",
        "date_label": "1925",
        "start_date": "1925-01-01",
        "end_date": "1925-12-31",
        "author": "Vojta, Tomáš (1885-1934)",
        "signature": "I 9758",
        "note": "",
        "views": "29x",
        "geolocation_type": "regional.address",
        "scan_count": 1,
        "scan_previews": [
          "https://images.ahmp.cz/mrimage/ahmp_watermark/image/cz/archives/CZ-321100010/NAD-157/dao/images/0022/b0514195eef0fcb260dc10af23715357.jpg/nahled_maly.jpg"
        ],
        "scan_zoomify_paths": [
          "https://images.ahmp.cz/mrimage/ahmp_watermark/zoomify/cz/archives/CZ-321100010/NAD-157/dao/images/0022/b0514195eef0fcb260dc10af23715357.jpg"
        ]
      }
    },
    {
      "type": "Feature",
      "geometry": {
        "type": "Point",
        "coordinates": [
          14.4369,
          50.09567
        ]
      },
      "properties": {
        "id": "05A6A89D62DB11E6A552000C76270B94",
        "group_id": "3618a4a8a97d7ebf486dcac846e247445ab5d9ed",
        "kind": "pozitiv",
        "description": "Pohled na přepravování lodi nad nový Helmovský jez vorovou propustí. V pozadí provizorní dřevěný most (Hlávkův).",
        "date_label": "26.3.1910",
        "start_date": "1910-03-26",
        "end_date": "1910-03-26",
        "author": "",
        "signature": "I 11817",
        "note": "",
        "views": "52x",
        "geolocation_type": "regional.street",
        "scan_count": 1,
        "scan_previews": [
          "https://images.ahmp.cz/mrimage/ahmp_watermark/image/cz/archives/CZ-321100010/NAD-157/dao/images/0023/1ba281d19bf888d1a284c2140c6bdd96.jpg/nahled_maly.jpg"
        ],
        "scan_zoomify_paths": [
          "https://images.ahmp.cz/mrimage/ahmp_watermark/zoomify/cz/archives/CZ-321100010/NAD-157/dao/images/0023/1ba281d19bf888d1a284c2140c6bdd96.jpg"
        ]
      }
    },
    {
      "type": "Feature",
      "geometry": {
        "type": "Point",
        "coordinates": [
          14.4369,
          50.09567
        ]
      },
      "properties": {
        "id": "5EB4B46C62A311E6A552000C76270B94",
        "group_id": "36467f88b049b876afa5236d97aef6e5c9c135ba",
        "kind": "pozitiv",
        "description": "Pohled na stavbu plavební komory u ostrova Štvanice pod nedokončenou železnou částí Hlávkova mostu.",
        "date_label": "13.11.1909",
        "start_date": "1909-11-13",
        "end_date": "1909-11-13",
        "author": "",
        "signature": "I 11797",
        "note": "",
        "views": "40x",
        "geolocation_type": "regional.street",
        "scan_count": 1,
        "scan_previews": [
          "https://images.ahmp.cz/mrimage/ahmp_watermark/image/cz/archives/CZ-321100010/NAD-157/dao/images/0023/be8fb811995d5c9f14a435c9f8356fdc.jpg/nahled_maly.jpg"
        ],
        "scan_zoomify_paths": [
          "https://images.ahmp.cz/mrimage/ahmp_watermark/zoomify/cz/archives/CZ-321100010/NAD-157/dao/images/0023/be8fb811995d5c9f14a435c9f8356fdc.jpg"
        ]
      }
    },
    {
      "type": "Feature",
      "geometry": {
        "type": "Point",
        "coordinates": [
          14.47037,
          50.12712
        ]
      },
      "properties": {
        "id": "0E441E5436DD11E79F33406186009F3A",
        "group_id": "3cacaf10ef79747072706e54aae25dc5d3eff389",
        "kind": "pozitiv",
        "description": "Pohled na budova kina (dům čp. 1662) v Burešově ulici v Kobylisích.",
        "date_label": "1984",
        "start_date": "1984-01-01",
        "end_date": "1984-12-31",
        "author": "Jelínková, Jana (1951-)",
        "signature": "I 11959",
        "note": "",
        "views": "118x",
        "geolocation_type": "regional.address",
        "scan_count": 1,
        "scan_previews": [
          "https://images.ahmp.cz/mrimage/ahmp_watermark/image/cz/archives/CZ-321100010/NAD-157/dao/images/0024/35084fc802c60b9ecfaa2a4580e21fca.jpg/nahled_maly.jpg"
        ],
        "scan_zoomify_paths": [
          "https://images.ahmp.cz/mrimage/ahmp_watermark/zoomify/cz/archives/CZ-321100010/NAD-157/dao/images/0024/35084fc802c60b9ecfaa2a4580e21fca.jpg"
        ]
      }
    },
    {
      "type": "Feature",
      "geometry": {
        "type": "Point",
        "coordinates": [
          14.37316,
          50.08036
        ]
      },
      "properties": {
        "id": "0A71920BB9ED11E59D58406186009F3A",
        "group_id": "d5b525f9465afcce8f2f22291b7a01f6b4012893",
        "kind": "pozitiv",
        "description": "Pohled na kapličku č. 4 poutní cesty do Hájku v Břevnově severovýchodně od usedlosti Ladronka s obrazem \"Anděl snáší dítě, Pannu Marii, sv. Anně\".",
        "date_label": "2.4.1923",
        "start_date": "1923-04-02",
        "end_date": "1923-04-02",
        "author": "Bernau, Karel, Ing. (1880-1948)",
        "signature": "I 11388",
        "note": "",
        "views": "85x",
        "geolocation_type": "regional.address",
        "scan_count": 1,
        "scan_previews": [
          "https://images.ahmp.cz/mrimage/ahmp_watermark/image/cz/archives/CZ-321100010/NAD-157/dao/images/0016/5fd37362adf87dc6289babf255aa554d.jpg/nahled_maly.jpg"
        ],
        "scan_zoomify_paths": [
          "https://images.ahmp.cz/mrimage/ahmp_watermark/zoomify/cz/archives/CZ-321100010/NAD-157/dao/images/0016/5fd37362adf87dc6289babf255aa554d.jpg"
        ]
      }
    },
    {
      "type": "Feature",
      "geometry": {
        "type": "Point",
        "coordinates": [
          14.40597,
          50.08626
        ]
      },
      "properties": {
        "id": "13BA8AEB04FB11E3A4F66C626D41E503",
        "group_id": "a82c0c9c35b692fb66c1d25fc3b2bf453145075b",
        "kind": "pozitiv",
        "description": "Pohled na dům čp. 490 (palác Metychů z Čečova - Hrzánský) na Velkopřevorském náměstí na Malé Straně ze zahrady Velkopřevorského paláce (dům čp. 485 na Malé Straně).",
        "date_label": "kol.1910",
        "start_date": "1910-01-01",
        "end_date": "1910-12-31",
        "author": "Fink, František (1854-1935)",
        "signature": "I 9746",
        "note": "",
        "views": "35x",
        "geolocation_type": "regional.address",
        "scan_count": 1,
        "scan_previews": [
          "https://images.ahmp.cz/mrimage/ahmp_watermark/image/cz/archives/CZ-321100010/NAD-157/dao/images/0023/2b9f2022cf4657b482a03313731f4c5c.jpg/nahled_maly.jpg"
        ],
        "scan_zoomify_paths": [
          "https://images.ahmp.cz/mrimage/ahmp_watermark/zoomify/cz/archives/CZ-321100010/NAD-157/dao/images/0023/2b9f2022cf4657b482a03313731f4c5c.jpg"
        ]
      }
    },
    {
      "type": "Feature",
      "geometry": {
        "type": "Point",
        "coordinates": [
          14.42009,
          50.087
        ]
      },
      "properties": {
        "id": "12B43AB590C811E8B3B474D435EEBE90",
        "group_id": "87e0a2674b5184d1b6fcd727cbf0079405a9eb5f",
        "kind": "negativ",
        "description": "Pohled na část orloje Staroměstské radnice (dům čp. 1 na Starém Městě) na Staroměstském náměstí při opravě.",
        "date_label": "kol.1910",
        "start_date": "1910-01-01",
        "end_date": "1910-12-31",
        "author": "",
        "signature": "X 8777",
        "note": "",
        "views": "22x",
        "geolocation_type": "regional.address",
        "scan_count": 1,
        "scan_previews": [
          "https://images.ahmp.cz/mrimage/ahmp_watermark/image/cz/archives/CZ-321100010/NAD-157/dao/images/0024/e94c3c19398808fbd2e78f4e9c20dda4.jpg/nahled_maly.jpg"
        ],
        "scan_zoomify_paths": [
          "https://images.ahmp.cz/mrimage/ahmp_watermark/zoomify/cz/archives/CZ-321100010/NAD-157/dao/images/0024/e94c3c19398808fbd2e78f4e9c20dda4.jpg"
        ]
      }
    },
    {
      "type": "Feature",
      "geometry": {
        "type": "Point",
        "coordinates": [
          14.39375,
          50.08878
        ]
      },
      "properties": {
        "id": "08BC7ABC748611E4A81F406186009F3A",
        "group_id": "475f4afa40d4c2b04da8701304f0311bfdb69fba",
        "kind": "pozitiv",
        "description": "Pohled do zahrady domu čp. 180 na Hradčanech (bývalý Trautmannsdorfský palác) od kapličky k severozápadu - \"práce na výkopu válečného vodního bazénu\".",
        "date_label": "5.6.1944",
        "start_date": "1944-06-05",
        "end_date": "1944-06-05",
        "author": "Alexander, Antonín (1892-působnost do 1948)",
        "signature": "I 11073",
        "note": "",
        "views": "20x",
        "geolocation_type": "regional.address",
        "scan_count": 1,
        "scan_previews": [
          "https://images.ahmp.cz/mrimage/ahmp_watermark/image/cz/archives/CZ-321100010/NAD-157/dao/images/0016/6b058dc325c6bcb2fe1806422a1bebcf.jpg/nahled_maly.jpg"
        ],
        "scan_zoomify_paths": [
          "https://images.ahmp.cz/mrimage/ahmp_watermark/zoomify/cz/archives/CZ-321100010/NAD-157/dao/images/0016/6b058dc325c6bcb2fe1806422a1bebcf.jpg"
        ]
      }
    },
    {
      "type": "Feature",
      "geometry": {
        "type": "Point",
        "coordinates": [
          14.43098,
          50.09256
        ]
      },
      "properties": {
        "id": "5071B929651D11E6A555000C76270B94",
        "group_id": "28729bd909fbc37f0abd9dc6977466b6738c1d13",
        "kind": "pozitiv",
        "description": "Pohled na rameno Vltavy u Primátorského ostrova s pěší lávkou na Primátorský ostrov a domy čp. 1233, 1232, 1231, 1540 a souborem budov u domu čp. 1229 v Novomlýnské ulici na Novém Městě. V pozadí domy čp. 1235 v Novomlýnské ulici.",
        "date_label": "25.3.1910",
        "start_date": "1910-03-25",
        "end_date": "1910-03-25",
        "author": "",
        "signature": "I 11877",
        "note": "",
        "views": "35x",
        "geolocation_type": "regional.address",
        "scan_count": 1,
        "scan_previews": [
          "https://images.ahmp.cz/mrimage/ahmp_watermark/image/cz/archives/CZ-321100010/NAD-157/dao/images/0023/ce3e7de28ea03d550ef3d702bee04c21.jpg/nahled_maly.jpg"
        ],
        "scan_zoomify_paths": [
          "https://images.ahmp.cz/mrimage/ahmp_watermark/zoomify/cz/archives/CZ-321100010/NAD-157/dao/images/0023/ce3e7de28ea03d550ef3d702bee04c21.jpg"
        ]
      }
    },
    {
      "type": "Feature",
      "geometry": {
        "type": "Point",
        "coordinates": [
          14.4369,
          50.09567
        ]
      },
      "properties": {
        "id": "58FC0DE95EEB11E6A551000C76270B94",
        "group_id": "f7dc741580d7c94dace5c9d48689b9de5ba5f6ec",
        "kind": "pozitiv",
        "description": "Pohled na nános ledu u pěší lávky mezi Rohanským a Korunním ostrovem. V pozadí provizorní dřevěný most (Hlávkův) a skladiště na Rohanském ostrově.",
        "date_label": "8.2.1909",
        "start_date": "1909-02-08",
        "end_date": "1909-02-08",
        "author": "",
        "signature": "I 11794",
        "note": "",
        "views": "97x",
        "geolocation_type": "regional.street",
        "scan_count": 1,
        "scan_previews": [
          "https://images.ahmp.cz/mrimage/ahmp_watermark/image/cz/archives/CZ-321100010/NAD-157/dao/images/0023/246a3b281d7bbc8d94144ff003b1ec54.jpg/nahled_maly.jpg"
        ],
        "scan_zoomify_paths": [
          "https://images.ahmp.cz/mrimage/ahmp_watermark/zoomify/cz/archives/CZ-321100010/NAD-157/dao/images/0023/246a3b281d7bbc8d94144ff003b1ec54.jpg"
        ]
      }
    },
    {
      "type": "Feature",
      "geometry": {
        "type": "Point",
        "coordinates": [
          14.44449,
          50.14974
        ]
      },
      "properties": {
        "id": "5CCE4474DD1511E480FB74D435EEBE90",
        "group_id": "8466f28ad59f663a5b2bfde2128bd440671a69d3",
        "kind": "pozitiv",
        "description": "Pohled na statek čp. 11 (nyní čp. 253) v Dolních Chabrech.",
        "date_label": "1968",
        "start_date": "1968-01-01",
        "end_date": "1968-12-31",
        "author": "Vopravil, Josef (1902-1972)",
        "signature": "I 11178",
        "note": "",
        "views": "46x",
        "geolocation_type": "regional.address",
        "scan_count": 1,
        "scan_previews": [
          "https://images.ahmp.cz/mrimage/ahmp_watermark/image/cz/archives/CZ-321100010/NAD-157/dao/images/0023/32d1149e9f293a78553dd13ace472647.jpg/nahled_maly.jpg"
        ],
        "scan_zoomify_paths": [
          "https://images.ahmp.cz/mrimage/ahmp_watermark/zoomify/cz/archives/CZ-321100010/NAD-157/dao/images/0023/32d1149e9f293a78553dd13ace472647.jpg"
        ]
      }
    },
    {
      "type": "Feature",
      "geometry": {
        "type": "Point",
        "coordinates": [
          14.42032,
          50.09595
        ]
      },
      "properties": {
        "id": "05CA18AC87DA11E79100406186009F3A",
        "group_id": "423b312dd76f8dee3048ae89b4827466d51734ff",
        "kind": "pozitiv",
        "description": "Sportovní hry během VII. všesokolského sletu na Letné v Holešovicích - běh žen.",
        "date_label": "27.-30.6.1920",
        "start_date": "",
        "end_date": "",
        "author": "Vojta, Tomáš (1885-1934)",
        "signature": "I 12195",
        "note": "",
        "views": "41x",
        "geolocation_type": "regional.address",
        "scan_count": 1,
        "scan_previews": [
          "https://images.ahmp.cz/mrimage/ahmp_watermark/image/cz/archives/CZ-321100010/NAD-157/dao/images/0024/6cf6a6341c2c32e598124b77d9423525.jpg/nahled_maly.jpg"
        ],
        "scan_zoomify_paths": [
          "https://images.ahmp.cz/mrimage/ahmp_watermark/zoomify/cz/archives/CZ-321100010/NAD-157/dao/images/0024/6cf6a6341c2c32e598124b77d9423525.jpg"
        ]
      }
    },
    {
      "type": "Feature",
      "geometry": {
        "type": "Point",
        "coordinates": [
          14.41805,
          50.08516
        ]
      },
      "properties": {
        "id": "592373F018D011E9AFD5406186009F3A",
        "group_id": "3a9b704bee49cabc07040d4ecc15ae6c4fa02424",
        "kind": "negativ",
        "description": "Pohled do dvora domu čp. 242 ve Zlaté a Husově ulici na Starém Městě Pražském.",
        "date_label": "16.9.1947",
        "start_date": "1947-09-16",
        "end_date": "1947-09-16",
        "author": "Poustecký, Josef",
        "signature": "X 4498",
        "note": "",
        "views": "27x",
        "geolocation_type": "regional.address",
        "scan_count": 1,
        "scan_previews": [
          "https://images.ahmp.cz/mrimage/ahmp_watermark/image/cz/archives/CZ-321100010/NAD-157/dao/images/0025/9262e6163791f3dbc3eaffe5d7434450.jpg/nahled_maly.jpg"
        ],
        "scan_zoomify_paths": [
          "https://images.ahmp.cz/mrimage/ahmp_watermark/zoomify/cz/archives/CZ-321100010/NAD-157/dao/images/0025/9262e6163791f3dbc3eaffe5d7434450.jpg"
        ]
      }
    },
    {
      "type": "Feature",
      "geometry": {
        "type": "Point",
        "coordinates": [
          14.39148,
          50.07167
        ]
      },
      "properties": {
        "id": "112DE511304211E5A53574D435EEBE90",
        "group_id": "b59ca6433e7d134928fdbedec99e8dc6c46cdf49",
        "kind": "pozitiv",
        "description": "Pohled na hroby při nově vystavené (oproti původní posunuté) zdi Malostranského hřbitova na Smíchově - při Plzeňské ulici.",
        "date_label": "kol.1950",
        "start_date": "1950-01-01",
        "end_date": "1950-12-31",
        "author": "Pacovský, Jaroslav",
        "signature": "I 11300",
        "note": "",
        "views": "61x",
        "geolocation_type": "poi",
        "scan_count": 1,
        "scan_previews": [
          "https://images.ahmp.cz/mrimage/ahmp_watermark/image/cz/archives/CZ-321100010/NAD-157/dao/images/0023/963c35264cddd47e30a6983e5a0e5986.jpg/nahled_maly.jpg"
        ],
        "scan_zoomify_paths": [
          "https://images.ahmp.cz/mrimage/ahmp_watermark/zoomify/cz/archives/CZ-321100010/NAD-157/dao/images/0023/963c35264cddd47e30a6983e5a0e5986.jpg"
        ]
      }
    },
    {
      "type": "Feature",
      "geometry": {
        "type": "Point",
        "coordinates": [
          14.40131,
          50.08733
        ]
      },
      "properties": {
        "id": "0169865779DF11E3B274406186009F3A",
        "group_id": "58ad952ddc81d8468b64e4162c84e12d829a7f79",
        "kind": "pozitiv",
        "description": "Pohled do vstupního průjezdu Schönbornského paláce - domu čp. 365 na Malé Straně.",
        "date_label": "červen 1931",
        "start_date": "1931-06-01",
        "end_date": "1931-06-30",
        "author": "Vojta, Tomáš (1885-1934)",
        "signature": "I 9842",
        "note": "",
        "views": "27x",
        "geolocation_type": "regional.address",
        "scan_count": 1,
        "scan_previews": [
          "https://images.ahmp.cz/mrimage/ahmp_watermark/image/cz/archives/CZ-321100010/NAD-157/dao/images/0016/1825419c3aeb39c0834842af42a6d016.jpg/nahled_maly.jpg"
        ],
        "scan_zoomify_paths": [
          "https://images.ahmp.cz/mrimage/ahmp_watermark/zoomify/cz/archives/CZ-321100010/NAD-157/dao/images/0016/1825419c3aeb39c0834842af42a6d016.jpg"
        ]
      }
    },
    {
      "type": "Feature",
      "geometry": {
        "type": "Point",
        "coordinates": [
          14.4119,
          50.07283
        ]
      },
      "properties": {
        "id": "59AF290A156F11E39CC26C626D41E503",
        "group_id": "fad21abf5b7607a224c72bd7293712fee39ce44c",
        "kind": "pozitiv",
        "description": "Pohled na Rašínovo nábřeží směrem k severu. Uprostřed Palackého most.",
        "date_label": "24.3.1925",
        "start_date": "1925-03-24",
        "end_date": "1925-03-24",
        "author": "Alexander, Antonín (1892-působnost do 1948)",
        "signature": "I 9774",
        "note": "",
        "views": "70x",
        "geolocation_type": "regional.street",
        "scan_count": 1,
        "scan_previews": [
          "https://images.ahmp.cz/mrimage/ahmp_watermark/image/cz/archives/CZ-321100010/NAD-157/dao/images/0016/d2d2838b17cd0c49043acc4489ad8ae2.jpg/nahled_maly.jpg"
        ],
        "scan_zoomify_paths": [
          "https://images.ahmp.cz/mrimage/ahmp_watermark/zoomify/cz/archives/CZ-321100010/NAD-157/dao/images/0016/d2d2838b17cd0c49043acc4489ad8ae2.jpg"
        ]
      }
    },
    {
      "type": "Feature",
      "geometry": {
        "type": "Point",
        "coordinates": [
          14.41783,
          50.08711
        ]
      },
      "properties": {
        "id": "0ac1c103257244e0a3d6aba94c4d3c81",
        "group_id": "d78dba115dc3c53fd8dc9dcdb73d9e5d89f7fd04",
        "kind": "pozitiv",
        "description": "Pohled na stavbu budovy Magistrátu hlavního města Prahy (dům čp. 2) na Mariánském náměstí na Starém Městě - zdění třetího patra. V pozadí věže kostela sv. Mikuláše..",
        "date_label": "10.4.1910",
        "start_date": "1910-04-10",
        "end_date": "1910-04-10",
        "author": "",
        "signature": "I 12881",
        "note": "",
        "views": "11x",
        "geolocation_type": "regional.address",
        "scan_count": 2,
        "scan_previews": [
          "https://images.ahmp.cz/mrimage/ahmp_watermark/image/cz/archives/CZ-321100010/global-dao/images/0101/112f6d3bd85e8b2f89d2d9c1f04ad22b.jpg/nahled_maly.jpg",
          "https://images.ahmp.cz/mrimage/ahmp_watermark/image/cz/archives/CZ-321100010/global-dao/images/0101/112f6d3bd85e8b2f89d2d9c1f04ad22b.jpg/nahled_maly.jpg"
        ],
        "scan_zoomify_paths": [
          "https://images.ahmp.cz/mrimage/ahmp_watermark/zoomify/cz/archives/CZ-321100010/global-dao/images/0101/112f6d3bd85e8b2f89d2d9c1f04ad22b.jpg",
          "https://images.ahmp.cz/mrimage/ahmp_watermark/zoomify/cz/archives/CZ-321100010/global-dao/images/0101/112f6d3bd85e8b2f89d2d9c1f04ad22b.jpg"
        ]
      }
    },
    {
      "type": "Feature",
      "geometry": {
        "type": "Point",
        "coordinates": [
          14.42403,
          50.08418
        ]
      },
      "properties": {
        "id": "043D8666ED4F11E3B9F6406186009F3A",
        "group_id": "004e1c323a099b10de14f586d0e5b08cab026af8",
        "kind": "pozitiv",
        "description": "Tribuna na Václavském náměstí 5. - 9. května 1946 při volbách.",
        "date_label": "květen 1946",
        "start_date": "1946-05-01",
        "end_date": "1946-05-31",
        "author": "",
        "signature": "I 11003",
        "note": "",
        "views": "35x",
        "geolocation_type": "regional.address",
        "scan_count": 1,
        "scan_previews": [
          "https://images.ahmp.cz/mrimage/ahmp_watermark/image/cz/archives/CZ-321100010/NAD-157/dao/images/0016/4318099b691496f5d61408ae9dee4a19.jpg/nahled_maly.jpg"
        ],
        "scan_zoomify_paths": [
          "https://images.ahmp.cz/mrimage/ahmp_watermark/zoomify/cz/archives/CZ-321100010/NAD-157/dao/images/0016/4318099b691496f5d61408ae9dee4a19.jpg"
        ]
      }
    },
    {
      "type": "Feature",
      "geometry": {
        "type": "Point",
        "coordinates": [
          14.44021,
          50.09583
        ]
      },
      "properties": {
        "id": "4B846F725D5011E6A54F000C76270B94",
        "group_id": "8caec82bc5e286d302d479df86977093dac5cf8c",
        "kind": "pozitiv",
        "description": "Pohled na stavbu špičky ostrova Štvanice.",
        "date_label": "24.9.1908",
        "start_date": "1908-09-24",
        "end_date": "1908-09-24",
        "author": "",
        "signature": "I 11769",
        "note": "",
        "views": "36x",
        "geolocation_type": "regional.address",
        "scan_count": 1,
        "scan_previews": [
          "https://images.ahmp.cz/mrimage/ahmp_watermark/image/cz/archives/CZ-321100010/NAD-157/dao/images/0023/af19ae278e0ab5e15e1e616cc798952a.jpg/nahled_maly.jpg"
        ],
        "scan_zoomify_paths": [
          "https://images.ahmp.cz/mrimage/ahmp_watermark/zoomify/cz/archives/CZ-321100010/NAD-157/dao/images/0023/af19ae278e0ab5e15e1e616cc798952a.jpg"
        ]
      }
    },
    {
      "type": "Feature",
      "geometry": {
        "type": "Point",
        "coordinates": [
          14.47125,
          50.10887
        ]
      },
      "properties": {
        "id": "5622B41C50FE11E38E526C626D41E503",
        "group_id": "4ebbf3cf270cdce9f088b77fe215164620365e1f",
        "kind": "pozitiv",
        "description": "Celkový pohled na kostel sv. Vojtěcha v Libni (dům čp. 599 v ulici U Meteoru).",
        "date_label": "kol.1910",
        "start_date": "1910-01-01",
        "end_date": "1910-12-31",
        "author": "Bellmann",
        "signature": "I 9812",
        "note": "",
        "views": "131x",
        "geolocation_type": "regional.address",
        "scan_count": 1,
        "scan_previews": [
          "https://images.ahmp.cz/mrimage/ahmp_watermark/image/cz/archives/CZ-321100010/NAD-157/dao/images/0022/477f2e91457572f87a9fc350985d9ec2.jpg/nahled_maly.jpg"
        ],
        "scan_zoomify_paths": [
          "https://images.ahmp.cz/mrimage/ahmp_watermark/zoomify/cz/archives/CZ-321100010/NAD-157/dao/images/0022/477f2e91457572f87a9fc350985d9ec2.jpg"
        ]
      }
    },
    {
      "type": "Feature",
      "geometry": {
        "type": "Point",
        "coordinates": [
          14.42009,
          50.087
        ]
      },
      "properties": {
        "id": "120A6E640FE111E38E586C626D41E503",
        "group_id": "1ebbae7feb62ad743b457327a5ea4bfbf75efca6",
        "kind": "pozitiv",
        "description": "Pohled na jižní průčelí Staroměstské radnice (dům čp. 1) na Staroměstském náměstí.",
        "date_label": "kol.1920",
        "start_date": "1920-01-01",
        "end_date": "1920-12-31",
        "author": "Fink, František (1854-1935)",
        "signature": "I 9770",
        "note": "",
        "views": "46x",
        "geolocation_type": "regional.address",
        "scan_count": 1,
        "scan_previews": [
          "https://images.ahmp.cz/mrimage/ahmp_watermark/image/cz/archives/CZ-321100010/NAD-157/dao/images/0022/bb0ed4cee3e676570491dc3a9ae134b7.jpg/nahled_maly.jpg"
        ],
        "scan_zoomify_paths": [
          "https://images.ahmp.cz/mrimage/ahmp_watermark/zoomify/cz/archives/CZ-321100010/NAD-157/dao/images/0022/bb0ed4cee3e676570491dc3a9ae134b7.jpg"
        ]
      }
    },
    {
      "type": "Feature",
      "geometry": {
        "type": "Point",
        "coordinates": [
          14.39148,
          50.07167
        ]
      },
      "properties": {
        "id": "12D4D00D304011E5A53574D435EEBE90",
        "group_id": "b59ca6433e7d134928fdbedec99e8dc6c46cdf49",
        "kind": "pozitiv",
        "description": "Pohled na hroby při nově vystavené (oproti původní posunuté) zdi Malostranského hřbitova na Smíchově - při Plzeňské ulici.",
        "date_label": "kol.1950",
        "start_date": "1950-01-01",
        "end_date": "1950-12-31",
        "author": "Pacovský, Jaroslav",
        "signature": "I 11296",
        "note": "",
        "views": "62x",
        "geolocation_type": "poi",
        "scan_count": 1,
        "scan_previews": [
          "https://images.ahmp.cz/mrimage/ahmp_watermark/image/cz/archives/CZ-321100010/NAD-157/dao/images/0023/b3ab672c450dfec10f735c2cd520e9c7.jpg/nahled_maly.jpg"
        ],
        "scan_zoomify_paths": [
          "https://images.ahmp.cz/mrimage/ahmp_watermark/zoomify/cz/archives/CZ-321100010/NAD-157/dao/images/0023/b3ab672c450dfec10f735c2cd520e9c7.jpg"
        ]
      }
    },
    {
      "type": "Feature",
      "geometry": {
        "type": "Point",
        "coordinates": [
          14.39508,
          50.08354
        ]
      },
      "properties": {
        "id": "0E4EBE387F8411E88359406186009F3A",
        "group_id": "2189f9a67d5368c1daf91452c5daa384e748293a",
        "kind": "negativ",
        "description": "Pohled na vojenskou kuchyni v petřínském pevnostním obvodu. V pozadí Petřínská rozhledna.",
        "date_label": "1914-1918",
        "start_date": "1914-01-01",
        "end_date": "1918-12-31",
        "author": "Pfeiffer, Julius (1879-1947)",
        "signature": "X 757",
        "note": "",
        "views": "47x",
        "geolocation_type": "poi",
        "scan_count": 1,
        "scan_previews": [
          "https://images.ahmp.cz/mrimage/ahmp_watermark/image/cz/archives/CZ-321100010/NAD-157/dao/images/0024/41a7cbafee323376d90a0107de806cb6.jpg/nahled_maly.jpg"
        ],
        "scan_zoomify_paths": [
          "https://images.ahmp.cz/mrimage/ahmp_watermark/zoomify/cz/archives/CZ-321100010/NAD-157/dao/images/0024/41a7cbafee323376d90a0107de806cb6.jpg"
        ]
      }
    },
    {
      "type": "Feature",
      "geometry": {
        "type": "Point",
        "coordinates": [
          14.42009,
          50.087
        ]
      },
      "properties": {
        "id": "6286E655124111E8A338406186009F3A",
        "group_id": "b17582daa1533487528a8d53e2e7f56425983ac6",
        "kind": "pozitiv",
        "description": "Pohled na osvětlenou Staroměstskou radnici při příležitosti 10. výročí samostatnosti Československé republiky.",
        "date_label": "28.10.1928",
        "start_date": "1928-10-28",
        "end_date": "1928-10-28",
        "author": "Vopravil, Josef (1902-1972)",
        "signature": "I 12044",
        "note": "",
        "views": "48x",
        "geolocation_type": "regional.address",
        "scan_count": 1,
        "scan_previews": [
          "https://images.ahmp.cz/mrimage/ahmp_watermark/image/cz/archives/CZ-321100010/NAD-157/dao/images/0024/6435bc73418e178d98c67e5d2219b0d3.jpg/nahled_maly.jpg"
        ],
        "scan_zoomify_paths": [
          "https://images.ahmp.cz/mrimage/ahmp_watermark/zoomify/cz/archives/CZ-321100010/NAD-157/dao/images/0024/6435bc73418e178d98c67e5d2219b0d3.jpg"
        ]
      }
    },
    {
      "type": "Feature",
      "geometry": {
        "type": "Point",
        "coordinates": [
          14.39624,
          50.08704
        ]
      },
      "properties": {
        "id": "12D0815FF8A711E4808074D435EEBE90",
        "group_id": "7bd48ffeac88ad1dd7fe2358804a73fb70e4649e",
        "kind": "negativ",
        "description": "Průhled Vlašskou ulicí k Tržišti - vlevo kostel sv. Karla Boromejského při nemocnici Milosrdných sester sv. Karla Boromejského pod Petřínem (dům čp. 336 na Malé Straně).",
        "date_label": "kol.1925",
        "start_date": "1925-01-01",
        "end_date": "1925-12-31",
        "author": "Eckert-ateliér",
        "signature": "X 10390",
        "note": "",
        "views": "74x",
        "geolocation_type": "regional.address",
        "scan_count": 1,
        "scan_previews": [
          "https://images.ahmp.cz/mrimage/ahmp_watermark/image/cz/archives/CZ-321100010/NAD-157/dao/images/0023/881ecacf71d3a6590b49af04a84999c3.jpg/nahled_maly.jpg"
        ],
        "scan_zoomify_paths": [
          "https://images.ahmp.cz/mrimage/ahmp_watermark/zoomify/cz/archives/CZ-321100010/NAD-157/dao/images/0023/881ecacf71d3a6590b49af04a84999c3.jpg"
        ]
      }
    },
    {
      "type": "Feature",
      "geometry": {
        "type": "Point",
        "coordinates": [
          14.4228,
          50.08549
        ]
      },
      "properties": {
        "id": "08D2AE3215FE11E390486C626D41E503",
        "group_id": "a138cdb6b28d151638d1c51e49eb86675d484a0f",
        "kind": "pozitiv",
        "description": "Pohled do Železné ulice z křižovatky s ulicí Rytířskou. Vpravo část Stavovského divadla (dům čp. 540), vlevo část nárožního domu čp. 539 na Starém Městě.",
        "date_label": "",
        "start_date": "",
        "end_date": "",
        "author": "Bellmann",
        "signature": "I 9794",
        "note": "",
        "views": "53x",
        "geolocation_type": "regional.address",
        "scan_count": 1,
        "scan_previews": [
          "https://images.ahmp.cz/mrimage/ahmp_watermark/image/cz/archives/CZ-321100010/NAD-157/dao/images/0016/5f06880068adc9d2649f4fb2c112dc71.jpg/nahled_maly.jpg"
        ],
        "scan_zoomify_paths": [
          "https://images.ahmp.cz/mrimage/ahmp_watermark/zoomify/cz/archives/CZ-321100010/NAD-157/dao/images/0016/5f06880068adc9d2649f4fb2c112dc71.jpg"
        ]
      }
    },
    {
      "type": "Feature",
      "geometry": {
        "type": "Point",
        "coordinates": [
          14.39148,
          50.07167
        ]
      },
      "properties": {
        "id": "10B227DB303F11E5A53574D435EEBE90",
        "group_id": "31f03551ace7a9c6ffaac8375c9de0d339f5bf9f",
        "kind": "pozitiv",
        "description": "Pohled na hroby na Malostranském hřbitově na Smíchově.",
        "date_label": "kol.1950",
        "start_date": "1950-01-01",
        "end_date": "1950-12-31",
        "author": "Pacovský, Jaroslav",
        "signature": "I 11292",
        "note": "",
        "views": "51x",
        "geolocation_type": "poi",
        "scan_count": 1,
        "scan_previews": [
          "https://images.ahmp.cz/mrimage/ahmp_watermark/image/cz/archives/CZ-321100010/NAD-157/dao/images/0023/d82eb863ec97ce817c4c100661cd2206.jpg/nahled_maly.jpg"
        ],
        "scan_zoomify_paths": [
          "https://images.ahmp.cz/mrimage/ahmp_watermark/zoomify/cz/archives/CZ-321100010/NAD-157/dao/images/0023/d82eb863ec97ce817c4c100661cd2206.jpg"
        ]
      }
    },
    {
      "type": "Feature",
      "geometry": {
        "type": "Point",
        "coordinates": [
          14.43744,
          50.09433
        ]
      },
      "properties": {
        "id": "126495E8F1D411E5A523000C76270B94",
        "group_id": "321c29a8abfa28c863e80e033f2ab1fb78725d45",
        "kind": "pozitiv",
        "description": "Pohled na pokládání pumpy v dolní části plavební komory u ostrova Štvanice.",
        "date_label": "21.7.1909",
        "start_date": "1909-07-21",
        "end_date": "1909-07-21",
        "author": "",
        "signature": "I 11624",
        "note": "",
        "views": "106x",
        "geolocation_type": "poi",
        "scan_count": 1,
        "scan_previews": [
          "https://images.ahmp.cz/mrimage/ahmp_watermark/image/cz/archives/CZ-321100010/NAD-157/dao/images/0023/d44cab479dd4370905083172b4f266c4.jpg/nahled_maly.jpg"
        ],
        "scan_zoomify_paths": [
          "https://images.ahmp.cz/mrimage/ahmp_watermark/zoomify/cz/archives/CZ-321100010/NAD-157/dao/images/0023/d44cab479dd4370905083172b4f266c4.jpg"
        ]
      }
    },
    {
      "type": "Feature",
      "geometry": {
        "type": "Point",
        "coordinates": [
          14.44021,
          50.09583
        ]
      },
      "properties": {
        "id": "037D5E2E819011E6B332406186009F3A",
        "group_id": "2e46b9ba99c39968b9e0815b3fde7fdb4e856311",
        "kind": "pozitiv",
        "description": "Pohled na západní stranu restaurace na ostrově Štvanici s portálem (dům čp. 859 v Holešovicích).",
        "date_label": "23.9.1908",
        "start_date": "1908-09-23",
        "end_date": "1908-09-23",
        "author": "",
        "signature": "I 11886",
        "note": "",
        "views": "42x",
        "geolocation_type": "regional.address",
        "scan_count": 1,
        "scan_previews": [
          "https://images.ahmp.cz/mrimage/ahmp_watermark/image/cz/archives/CZ-321100010/NAD-157/dao/images/0023/49ea0536e45e6f91d8194157142e1ebb.jpg/nahled_maly.jpg"
        ],
        "scan_zoomify_paths": [
          "https://images.ahmp.cz/mrimage/ahmp_watermark/zoomify/cz/archives/CZ-321100010/NAD-157/dao/images/0023/49ea0536e45e6f91d8194157142e1ebb.jpg"
        ]
      }
    },
    {
      "type": "Feature",
      "geometry": {
        "type": "Point",
        "coordinates": [
          14.37895,
          50.08323
        ]
      },
      "properties": {
        "id": "56EBA3A4BAA611E5A77074D435EEBE90",
        "group_id": "1ad4ff2f8bf9628dabe0e07edcfa47f9ac87cdbc",
        "kind": "pozitiv",
        "description": "Pohled na dům čp. 338 v Břevnově v ulici Za Strahovem.",
        "date_label": "1966",
        "start_date": "1966-01-01",
        "end_date": "1966-12-31",
        "author": "Vopravil, Josef (1902-1972)",
        "signature": "I 11414",
        "note": "",
        "views": "54x",
        "geolocation_type": "regional.address",
        "scan_count": 1,
        "scan_previews": [
          "https://images.ahmp.cz/mrimage/ahmp_watermark/image/cz/archives/CZ-321100010/NAD-157/dao/images/0016/619376e483622e9ca69ef2321221cee9.jpg/nahled_maly.jpg"
        ],
        "scan_zoomify_paths": [
          "https://images.ahmp.cz/mrimage/ahmp_watermark/zoomify/cz/archives/CZ-321100010/NAD-157/dao/images/0016/619376e483622e9ca69ef2321221cee9.jpg"
        ]
      }
    },
    {
      "type": "Feature",
      "geometry": {
        "type": "Point",
        "coordinates": [
          14.41139,
          50.09203
        ]
      },
      "properties": {
        "id": "0E6FF1D0205F11E88E87406186009F3A",
        "group_id": "762076eeb15567bab2152f4ca0bf36e9bdbafa60",
        "kind": "pozitiv",
        "description": "Pohled na osvětlené pražské památky při příležitosti 10. výročí samostatnosti Československé republiky - (zprava) Pražský hrad, kostel sv. Mikuláše na Malé Strany a Malostranské mostecké věže. V popředí neosvětlená budova Starkovy akademie (dům čp. 128 na Malé Straně).",
        "date_label": "28.10.1928",
        "start_date": "1928-10-28",
        "end_date": "1928-10-28",
        "author": "Vopravil, Josef (1902-1972)",
        "signature": "I 12060",
        "note": "",
        "views": "45x",
        "geolocation_type": "regional.address",
        "scan_count": 1,
        "scan_previews": [
          "https://images.ahmp.cz/mrimage/ahmp_watermark/image/cz/archives/CZ-321100010/NAD-157/dao/images/0024/066d29ca38422a4b94926dcba0ff96a8.jpg/nahled_maly.jpg"
        ],
        "scan_zoomify_paths": [
          "https://images.ahmp.cz/mrimage/ahmp_watermark/zoomify/cz/archives/CZ-321100010/NAD-157/dao/images/0024/066d29ca38422a4b94926dcba0ff96a8.jpg"
        ]
      }
    },
    {
      "type": "Feature",
      "geometry": {
        "type": "Point",
        "coordinates": [
          14.43076,
          50.09537
        ]
      },
      "properties": {
        "id": "5F88BB08F19F11E5A522000C76270B94",
        "group_id": "1d13f8f2e11997fb74311c540d2b5778a5e74e54",
        "kind": "pozitiv",
        "description": "Pohled na stavbu nového Helmovského jezu. V pozadí pěší lávka pro dělníky.",
        "date_label": "25.5.1909",
        "start_date": "1909-05-25",
        "end_date": "1909-05-25",
        "author": "",
        "signature": "I 11614",
        "note": "",
        "views": "53x",
        "geolocation_type": "poi",
        "scan_count": 1,
        "scan_previews": [
          "https://images.ahmp.cz/mrimage/ahmp_watermark/image/cz/archives/CZ-321100010/NAD-157/dao/images/0023/14580d0ab9cf24272a6782f69889d8d8.jpg/nahled_maly.jpg"
        ],
        "scan_zoomify_paths": [
          "https://images.ahmp.cz/mrimage/ahmp_watermark/zoomify/cz/archives/CZ-321100010/NAD-157/dao/images/0023/14580d0ab9cf24272a6782f69889d8d8.jpg"
        ]
      }
    },
    {
      "type": "Feature",
      "geometry": {
        "type": "Point",
        "coordinates": [
          14.44237,
          50.03563
        ]
      },
      "properties": {
        "id": "5E10A78B510811E38E526C626D41E503",
        "group_id": "1f02e5f683c785f5c26e8921de99eccd9c0d9ac2",
        "kind": "pozitiv",
        "description": "Pohled na kapli sv. Anny v Dolnokrčské ulici 1 (dům čp. 1908 v Krči).",
        "date_label": "28.4.1944",
        "start_date": "1944-04-28",
        "end_date": "1944-04-28",
        "author": "Alexander, Antonín (1892-působnost do 1948)",
        "signature": "I 9819",
        "note": "",
        "views": "74x",
        "geolocation_type": "regional.address",
        "scan_count": 1,
        "scan_previews": [
          "https://images.ahmp.cz/mrimage/ahmp_watermark/image/cz/archives/CZ-321100010/NAD-157/dao/images/0022/b5ed90a3c41c4c10bc84b27416ccea7a.jpg/nahled_maly.jpg"
        ],
        "scan_zoomify_paths": [
          "https://images.ahmp.cz/mrimage/ahmp_watermark/zoomify/cz/archives/CZ-321100010/NAD-157/dao/images/0022/b5ed90a3c41c4c10bc84b27416ccea7a.jpg"
        ]
      }
    },
    {
      "type": "Feature",
      "geometry": {
        "type": "Point",
        "coordinates": [
          14.40361,
          50.03772
        ]
      },
      "properties": {
        "id": "5B6DEA5CB5C311E3B6F7D4BED94BB14D",
        "group_id": "a6c4df458e8c84f092079177dd2079cfbfb741ed",
        "kind": "pozitiv",
        "description": "Pohled ze Zbraslavské silnice nad železniční tratí. V popředí silnice, vpravo za řekou Braník. Součást panoramatu.",
        "date_label": "15.6.1927",
        "start_date": "1927-06-15",
        "end_date": "1927-06-15",
        "author": "Alexander, Antonín (1892-působnost do 1948)",
        "signature": "I 9926",
        "note": "",
        "views": "86x",
        "geolocation_type": "regional.address",
        "scan_count": 1,
        "scan_previews": [
          "https://images.ahmp.cz/mrimage/ahmp_watermark/image/cz/archives/CZ-321100010/NAD-157/dao/images/0016/7d98cfc631d0bb8cb35e0b4e1c326df7.jpg/nahled_maly.jpg"
        ],
        "scan_zoomify_paths": [
          "https://images.ahmp.cz/mrimage/ahmp_watermark/zoomify/cz/archives/CZ-321100010/NAD-157/dao/images/0016/7d98cfc631d0bb8cb35e0b4e1c326df7.jpg"
        ]
      }
    },
    {
      "type": "Feature",
      "geometry": {
        "type": "Point",
        "coordinates": [
          14.36874,
          50.08742
        ]
      },
      "properties": {
        "id": "0E093567B61811E58B3BD4BED94BB14D",
        "group_id": "cc281665954fd01eae390655ac198fd9ca8557b6",
        "kind": "pozitiv",
        "description": "Pohled na sochu rybáře (Jan Kolátor - majitel Kajetánky) Vojtěcha Suchardy v parku usedlosti Kajetánka (dům čp. 30) v Břevnově.",
        "date_label": "26.4.1944",
        "start_date": "1944-04-26",
        "end_date": "1944-04-26",
        "author": "Alexander, Antonín (1892-působnost do 1948)",
        "signature": "I 11433",
        "note": "",
        "views": "54x",
        "geolocation_type": "regional.address",
        "scan_count": 1,
        "scan_previews": [
          "https://images.ahmp.cz/mrimage/ahmp_watermark/image/cz/archives/CZ-321100010/NAD-157/dao/images/0016/476bf6e712bcf19b499d0f83d807247f.jpg/nahled_maly.jpg"
        ],
        "scan_zoomify_paths": [
          "https://images.ahmp.cz/mrimage/ahmp_watermark/zoomify/cz/archives/CZ-321100010/NAD-157/dao/images/0016/476bf6e712bcf19b499d0f83d807247f.jpg"
        ]
      }
    },
    {
      "type": "Feature",
      "geometry": {
        "type": "Point",
        "coordinates": [
          14.4341,
          50.09865
        ]
      },
      "properties": {
        "id": "5ACC9999669411E481D7D4BED94BB14D",
        "group_id": "fefd397e4c01cc1d2d91524271d2a7dc72e150fe",
        "kind": "pozitiv",
        "description": "Průhled Strossmayerovým náměstím směrem od kostela sv. Antonína k západu. Vpravo nárožní dům čp. 978, vlevo nárožní dům čp. 965 na křižovatce s ulicí Janovského v Holešovicích.",
        "date_label": "31.8.1937",
        "start_date": "1937-08-31",
        "end_date": "1937-08-31",
        "author": "Alexander, Antonín (1892-působnost do 1948)",
        "signature": "I 11053",
        "note": "",
        "views": "73x",
        "geolocation_type": "regional.address",
        "scan_count": 1,
        "scan_previews": [
          "https://images.ahmp.cz/mrimage/ahmp_watermark/image/cz/archives/CZ-321100010/NAD-157/dao/images/0016/fa4bdf1e9f676c597d808c530fb6ab99.jpg/nahled_maly.jpg"
        ],
        "scan_zoomify_paths": [
          "https://images.ahmp.cz/mrimage/ahmp_watermark/zoomify/cz/archives/CZ-321100010/NAD-157/dao/images/0016/fa4bdf1e9f676c597d808c530fb6ab99.jpg"
        ]
      }
    },
    {
      "type": "Feature",
      "geometry": {
        "type": "Point",
        "coordinates": [
          14.41609,
          50.08608
        ]
      },
      "properties": {
        "id": "0312281FA53D11E39D6DD4BED94BB14D",
        "group_id": "d4dbe49abf834d56de2970cfb3f3f47b4c3f6169",
        "kind": "pozitiv",
        "description": "Pohled do dvora domu čp. 181 v Karlově ulici na Starém Městě.",
        "date_label": "",
        "start_date": "",
        "end_date": "",
        "author": "Klíma, Alois, Ing. (1873-1955)",
        "signature": "I 9913",
        "note": "Klíma, Alois - Jelínková, Jana (repro)",
        "views": "26x",
        "geolocation_type": "regional.address",
        "scan_count": 1,
        "scan_previews": [
          "https://images.ahmp.cz/mrimage/ahmp_watermark/image/cz/archives/CZ-321100010/NAD-157/dao/images/0023/dc3b16ce3f4c87c617b809bd8b9530ab.jpg/nahled_maly.jpg"
        ],
        "scan_zoomify_paths": [
          "https://images.ahmp.cz/mrimage/ahmp_watermark/zoomify/cz/archives/CZ-321100010/NAD-157/dao/images/0023/dc3b16ce3f4c87c617b809bd8b9530ab.jpg"
        ]
      }
    },
    {
      "type": "Feature",
      "geometry": {
        "type": "Point",
        "coordinates": [
          14.40447,
          50.10336
        ]
      },
      "properties": {
        "id": "117CF8E35BEF11E79925406186009F3A",
        "group_id": "ea52e81420771d77268c4dd62a97ec3e9a54ae61",
        "kind": "negativ",
        "description": "Celkový pohled na dům čp. 592 v ulici Českomalínská v Bubenči.",
        "date_label": "po 1923",
        "start_date": "1924-01-01",
        "end_date": "2000-12-31",
        "author": "Vojta, Tomáš (1885-1934)",
        "signature": "X 7493",
        "note": "",
        "views": "32x",
        "geolocation_type": "regional.address",
        "scan_count": 1,
        "scan_previews": [
          "https://images.ahmp.cz/mrimage/ahmp_watermark/image/cz/archives/CZ-321100010/NAD-157/dao/images/0024/368f2441a1bc4141b12925e2c1a1f29b.jpg/nahled_maly.jpg"
        ],
        "scan_zoomify_paths": [
          "https://images.ahmp.cz/mrimage/ahmp_watermark/zoomify/cz/archives/CZ-321100010/NAD-157/dao/images/0024/368f2441a1bc4141b12925e2c1a1f29b.jpg"
        ]
      }
    },
    {
      "type": "Feature",
      "geometry": {
        "type": "Point",
        "coordinates": [
          14.29022,
          50.09842
        ]
      },
      "properties": {
        "id": "4c0cc9ead668444cb75acb1c1939e7ca",
        "group_id": "f86a543c7c1ecbb8922dbb5d3fe83eb297beeac6",
        "kind": "pozitiv",
        "description": "Primátor Adolf Svoboda.",
        "date_label": "kol.1960",
        "start_date": "1960-01-01",
        "end_date": "1960-12-31",
        "author": "",
        "signature": "I 12954",
        "note": "",
        "views": "11x",
        "geolocation_type": "regional.address",
        "scan_count": 1,
        "scan_previews": [
          "https://images.ahmp.cz/mrimage/ahmp_watermark/image/cz/archives/CZ-321100010/global-dao/images/0101/6a131d124a3d4e86952991cb247c7ebf.jpg/nahled_maly.jpg"
        ],
        "scan_zoomify_paths": [
          "https://images.ahmp.cz/mrimage/ahmp_watermark/zoomify/cz/archives/CZ-321100010/global-dao/images/0101/6a131d124a3d4e86952991cb247c7ebf.jpg"
        ]
      }
    },
    {
      "type": "Feature",
      "geometry": {
        "type": "Point",
        "coordinates": [
          14.40328,
          50.09504
        ]
      },
      "properties": {
        "id": "0BC5E622580C11E7A695406186009F3A",
        "group_id": "96364d20a4ac40ac1e5b31837c85492da2871084",
        "kind": "pozitiv",
        "description": "Celkový pohled na dům čp. 221 (kadetní škola) na Mariánské baště na Hradčanech.",
        "date_label": "",
        "start_date": "",
        "end_date": "",
        "author": "Bellmann (?)",
        "signature": "I 12108",
        "note": "",
        "views": "51x",
        "geolocation_type": "regional.address",
        "scan_count": 1,
        "scan_previews": [
          "https://images.ahmp.cz/mrimage/ahmp_watermark/image/cz/archives/CZ-321100010/NAD-157/dao/images/0024/c6fec7a327bc85d600a7bc8f73e70343.jpg/nahled_maly.jpg"
        ],
        "scan_zoomify_paths": [
          "https://images.ahmp.cz/mrimage/ahmp_watermark/zoomify/cz/archives/CZ-321100010/NAD-157/dao/images/0024/c6fec7a327bc85d600a7bc8f73e70343.jpg"
        ]
      }
    },
    {
      "type": "Feature",
      "geometry": {
        "type": "Point",
        "coordinates": [
          14.41406,
          50.08641
        ]
      },
      "properties": {
        "id": "5BC0E60B17D611E891E8406186009F3A",
        "group_id": "5b9e21386e93b02f8b73d3fe27cbe83ebec5f06a",
        "kind": "pozitiv",
        "description": "Pohled přes Vltavu na osvětlené památky Starém Městě při příležitosti 10. výročí samostatnosti Československé republiky. V pozadí Národní divadlo (dům čp. 223 na Novém Městě).",
        "date_label": "28.10.1928",
        "start_date": "1928-10-28",
        "end_date": "1928-10-28",
        "author": "Vopravil, Josef (1902-1972)",
        "signature": "I 12052 a",
        "note": "",
        "views": "51x",
        "geolocation_type": "regional.address",
        "scan_count": 1,
        "scan_previews": [
          "https://images.ahmp.cz/mrimage/ahmp_watermark/image/cz/archives/CZ-321100010/NAD-157/dao/images/0024/d6248f2c88488c61d995f8fcdaeb9c51.jpg/nahled_maly.jpg"
        ],
        "scan_zoomify_paths": [
          "https://images.ahmp.cz/mrimage/ahmp_watermark/zoomify/cz/archives/CZ-321100010/NAD-157/dao/images/0024/d6248f2c88488c61d995f8fcdaeb9c51.jpg"
        ]
      }
    },
    {
      "type": "Feature",
      "geometry": {
        "type": "Point",
        "coordinates": [
          14.419,
          50.07337
        ]
      },
      "properties": {
        "id": "11D88BE7E44311E4BE0074D435EEBE90",
        "group_id": "44aa9c333f79bc73f3067a726c10d3ee68a963e6",
        "kind": "pozitiv",
        "description": "Pohled na průčelí \"Faustova domu\" (dům čp. 502 na Novém Městě) do Vyšehradské ulice - poškozeném po náletu spojenců v únoru 1945. V popředí zničená terasní zeď zahrady kostela sv. Jana Na Skalce.",
        "date_label": "únor 1945",
        "start_date": "1945-02-01",
        "end_date": "1945-02-28",
        "author": "Sudek, Josef (1896-1976)",
        "signature": "I 11192",
        "note": "",
        "views": "90x",
        "geolocation_type": "regional.address",
        "scan_count": 1,
        "scan_previews": [
          "https://images.ahmp.cz/mrimage/ahmp_watermark/image/cz/archives/CZ-321100010/NAD-157/dao/images/0023/71435871330c32b9887bebf08830e801.jpg/nahled_maly.jpg"
        ],
        "scan_zoomify_paths": [
          "https://images.ahmp.cz/mrimage/ahmp_watermark/zoomify/cz/archives/CZ-321100010/NAD-157/dao/images/0023/71435871330c32b9887bebf08830e801.jpg"
        ]
      }
    },
    {
      "type": "Feature",
      "geometry": {
        "type": "Point",
        "coordinates": [
          14.43872,
          50.09489
        ]
      },
      "properties": {
        "id": "61991CAB4FE811E6A54A000C76270B94",
        "group_id": "4a8182b397fef55e39465ac14e8e3911f6dfcaad",
        "kind": "pozitiv",
        "description": "Pohled na stavbu dolní části plavební komory u ostrova Štvanice. V pozadí skladištní budovy na Rohanském ostrově.",
        "date_label": "11.12.1908",
        "start_date": "1908-12-11",
        "end_date": "1908-12-11",
        "author": "",
        "signature": "I 11730",
        "note": "",
        "views": "97x",
        "geolocation_type": "poi",
        "scan_count": 1,
        "scan_previews": [
          "https://images.ahmp.cz/mrimage/ahmp_watermark/image/cz/archives/CZ-321100010/NAD-157/dao/images/0023/ba50893fe4c8f3bd80ee9e538f4d6c97.jpg/nahled_maly.jpg"
        ],
        "scan_zoomify_paths": [
          "https://images.ahmp.cz/mrimage/ahmp_watermark/zoomify/cz/archives/CZ-321100010/NAD-157/dao/images/0023/ba50893fe4c8f3bd80ee9e538f4d6c97.jpg"
        ]
      }
    },
    {
      "type": "Feature",
      "geometry": {
        "type": "Point",
        "coordinates": [
          14.43076,
          50.09537
        ]
      },
      "properties": {
        "id": "097724DDF1AA11E5A522000C76270B94",
        "group_id": "96b3d82ff801a7effd0575b86022216d60b3a996",
        "kind": "pozitiv",
        "description": "Pohled na stavbu nového Helmovského jezu ze špičky ostrova Štvanice. V pozadí most císaře Františka Josefa I.",
        "date_label": "16.6.1909",
        "start_date": "1909-06-16",
        "end_date": "1909-06-16",
        "author": "",
        "signature": "I 11618",
        "note": "",
        "views": "78x",
        "geolocation_type": "poi",
        "scan_count": 1,
        "scan_previews": [
          "https://images.ahmp.cz/mrimage/ahmp_watermark/image/cz/archives/CZ-321100010/NAD-157/dao/images/0023/0fe4091018c68f534c61bacf2871f0fb.jpg/nahled_maly.jpg"
        ],
        "scan_zoomify_paths": [
          "https://images.ahmp.cz/mrimage/ahmp_watermark/zoomify/cz/archives/CZ-321100010/NAD-157/dao/images/0023/0fe4091018c68f534c61bacf2871f0fb.jpg"
        ]
      }
    },
    {
      "type": "Feature",
      "geometry": {
        "type": "Point",
        "coordinates": [
          14.39148,
          50.07167
        ]
      },
      "properties": {
        "id": "63B080212FBC11E5A57D74D435EEBE90",
        "group_id": "d66ddfc642f84a04085d07fa64777f71e1f668ba",
        "kind": "pozitiv",
        "description": "Pohled na náhrobní desku na Malostranském hřbitově na Smíchově při zdi do Plzeňské ulice - původní stav. Rodina Raselova.",
        "date_label": "4.3.1927",
        "start_date": "1927-03-04",
        "end_date": "1927-03-04",
        "author": "Alexander, Antonín (1892-působnost do 1948)",
        "signature": "I 11254",
        "note": "",
        "views": "73x",
        "geolocation_type": "poi",
        "scan_count": 1,
        "scan_previews": [
          "https://images.ahmp.cz/mrimage/ahmp_watermark/image/cz/archives/CZ-321100010/NAD-157/dao/images/0023/28dab9bced183e7d93a5b5fccf71b2b2.jpg/nahled_maly.jpg"
        ],
        "scan_zoomify_paths": [
          "https://images.ahmp.cz/mrimage/ahmp_watermark/zoomify/cz/archives/CZ-321100010/NAD-157/dao/images/0023/28dab9bced183e7d93a5b5fccf71b2b2.jpg"
        ]
      }
    },
    {
      "type": "Feature",
      "geometry": {
        "type": "Point",
        "coordinates": [
          14.43744,
          50.09433
        ]
      },
      "properties": {
        "id": "4CB81FF5638A11E6A553000C76270B94",
        "group_id": "66dbf4c0e029fa2373cdaa6aeba64bb1f64e31d3",
        "kind": "pozitiv",
        "description": "Pohled na zdviž sloužící pro překládání materiálu z nákladních lodí na vozy během prací na splavnění Vltavy u ostrova Štvanice.",
        "date_label": "3.6.1910",
        "start_date": "1910-06-03",
        "end_date": "1910-06-03",
        "author": "",
        "signature": "I 11830",
        "note": "",
        "views": "48x",
        "geolocation_type": "poi",
        "scan_count": 1,
        "scan_previews": [
          "https://images.ahmp.cz/mrimage/ahmp_watermark/image/cz/archives/CZ-321100010/NAD-157/dao/images/0023/7b09b346f73f507b115dd452a608b0d0.jpg/nahled_maly.jpg"
        ],
        "scan_zoomify_paths": [
          "https://images.ahmp.cz/mrimage/ahmp_watermark/zoomify/cz/archives/CZ-321100010/NAD-157/dao/images/0023/7b09b346f73f507b115dd452a608b0d0.jpg"
        ]
      }
    },
    {
      "type": "Feature",
      "geometry": {
        "type": "Point",
        "coordinates": [
          14.37685,
          50.10006
        ]
      },
      "properties": {
        "id": "52160250611211E4B88BD4BED94BB14D",
        "group_id": "67776280d64f1eba6b82fffec7e5406dcb67a74e",
        "kind": "pozitiv",
        "description": "Pohled na usedlost Hadovka (dům čp. 10) v Dejvicích.",
        "date_label": "1912",
        "start_date": "1912-01-01",
        "end_date": "1912-12-31",
        "author": "Fink, František (1854-1935)",
        "signature": "I 11032",
        "note": "",
        "views": "82x",
        "geolocation_type": "regional.address",
        "scan_count": 1,
        "scan_previews": [
          "https://images.ahmp.cz/mrimage/ahmp_watermark/image/cz/archives/CZ-321100010/NAD-157/dao/images/0016/61a202fc8e34b19ad39cb7666f11ff45.jpg/nahled_maly.jpg"
        ],
        "scan_zoomify_paths": [
          "https://images.ahmp.cz/mrimage/ahmp_watermark/zoomify/cz/archives/CZ-321100010/NAD-157/dao/images/0016/61a202fc8e34b19ad39cb7666f11ff45.jpg"
        ]
      }
    },
    {
      "type": "Feature",
      "geometry": {
        "type": "Point",
        "coordinates": [
          14.41993,
          50.07002
        ]
      },
      "properties": {
        "id": "5356F4D8CA5111E59CC8406186009F3A",
        "group_id": "b0393fe62090f75e56ebc129c521cabfe5e8c723",
        "kind": "pozitiv",
        "description": "Celkový pohled na dům čp. 434 na Novém Městě při započetí demolice. V pozadí dům čp. 1485.",
        "date_label": "27.3.1925",
        "start_date": "1925-03-27",
        "end_date": "1925-03-27",
        "author": "Alexander, Antonín (1892-působnost do 1948)",
        "signature": "I 11484",
        "note": "",
        "views": "75x",
        "geolocation_type": "regional.address",
        "scan_count": 1,
        "scan_previews": [
          "https://images.ahmp.cz/mrimage/ahmp_watermark/image/cz/archives/CZ-321100010/NAD-157/dao/images/0023/ee44599211b3e8d69b285918f5ae3b0c.jpg/nahled_maly.jpg"
        ],
        "scan_zoomify_paths": [
          "https://images.ahmp.cz/mrimage/ahmp_watermark/zoomify/cz/archives/CZ-321100010/NAD-157/dao/images/0023/ee44599211b3e8d69b285918f5ae3b0c.jpg"
        ]
      }
    },
    {
      "type": "Feature",
      "geometry": {
        "type": "Point",
        "coordinates": [
          14.39148,
          50.07167
        ]
      },
      "properties": {
        "id": "0F66A65B304111E5A53574D435EEBE90",
        "group_id": "ee1443ecbf0764655940f2c124c257b6d6e11aab",
        "kind": "pozitiv",
        "description": "Pohled na hrob na Malostranském hřbitově na Smíchově. Rosa Zedwitz.",
        "date_label": "kol.1950",
        "start_date": "1950-01-01",
        "end_date": "1950-12-31",
        "author": "Pacovský, Jaroslav",
        "signature": "I 11298",
        "note": "",
        "views": "48x",
        "geolocation_type": "poi",
        "scan_count": 1,
        "scan_previews": [
          "https://images.ahmp.cz/mrimage/ahmp_watermark/image/cz/archives/CZ-321100010/NAD-157/dao/images/0023/0c6d97ff4246ac627a3544c500590af2.jpg/nahled_maly.jpg"
        ],
        "scan_zoomify_paths": [
          "https://images.ahmp.cz/mrimage/ahmp_watermark/zoomify/cz/archives/CZ-321100010/NAD-157/dao/images/0023/0c6d97ff4246ac627a3544c500590af2.jpg"
        ]
      }
    },
    {
      "type": "Feature",
      "geometry": {
        "type": "Point",
        "coordinates": [
          14.40535,
          50.09003
        ]
      },
      "properties": {
        "id": "0BCF539ADBBD11E5AB3774D435EEBE90",
        "group_id": "cec9f134a4b0b9fdb1a62d74ffe42c421507af11",
        "kind": "pozitiv",
        "description": "Pohled do interiéru Valdštejnského paláce (dům čp. 17 na Malé Straně) - Rytířská síň.",
        "date_label": "",
        "start_date": "",
        "end_date": "",
        "author": "Eckert, Jindřich (1833-1905)",
        "signature": "I 11536",
        "note": "Eckert, Jindřich - Eckert-ateliér (repro)",
        "views": "77x",
        "geolocation_type": "regional.address",
        "scan_count": 1,
        "scan_previews": [
          "https://images.ahmp.cz/mrimage/ahmp_watermark/image/cz/archives/CZ-321100010/NAD-157/dao/images/0023/88275f48d734f9f35daf799231e4f4ef.jpg/nahled_maly.jpg"
        ],
        "scan_zoomify_paths": [
          "https://images.ahmp.cz/mrimage/ahmp_watermark/zoomify/cz/archives/CZ-321100010/NAD-157/dao/images/0023/88275f48d734f9f35daf799231e4f4ef.jpg"
        ]
      }
    },
    {
      "type": "Feature",
      "geometry": {
        "type": "Point",
        "coordinates": [
          14.42709,
          50.09385
        ]
      },
      "properties": {
        "id": "00144678EF6211E5A520000C76270B94",
        "group_id": "1ab499b7ad0c943fa8f1c46b5542bbeaa9f6f04a",
        "kind": "pozitiv",
        "description": "Pohled na stavbu pěší lávky pro dělníky pod stavbou nového Helmovského jezu. V pozadí Nové mlýny na Novém Městě a most císaře Františka Josefa I.",
        "date_label": "23.4.1909",
        "start_date": "1909-04-23",
        "end_date": "1909-04-23",
        "author": "",
        "signature": "I 11602",
        "note": "",
        "views": "110x",
        "geolocation_type": "regional.street",
        "scan_count": 1,
        "scan_previews": [
          "https://images.ahmp.cz/mrimage/ahmp_watermark/image/cz/archives/CZ-321100010/NAD-157/dao/images/0023/26d064a244db4d53f2522f2f1c1e85e4.jpg/nahled_maly.jpg"
        ],
        "scan_zoomify_paths": [
          "https://images.ahmp.cz/mrimage/ahmp_watermark/zoomify/cz/archives/CZ-321100010/NAD-157/dao/images/0023/26d064a244db4d53f2522f2f1c1e85e4.jpg"
        ]
      }
    },
    {
      "type": "Feature",
      "geometry": {
        "type": "Point",
        "coordinates": [
          14.40739,
          50.08615
        ]
      },
      "properties": {
        "id": "0590ECC405B411E389696C626D41E503",
        "group_id": "64f6942f848ffd1e960153fbe8fda867b8153514",
        "kind": "pozitiv",
        "description": "Pohled na dům čp. 490 (palác Metychů z Čečova - Hrzánský) na Velkopřevorském náměstí na Malé Straně s portálem (\"Sklad Velkopřevorského mlýna. H. Veselý\").",
        "date_label": "1922",
        "start_date": "1922-01-01",
        "end_date": "1922-12-31",
        "author": "Alexander, Antonín (1892-působnost do 1948)",
        "signature": "I 9751",
        "note": "",
        "views": "32x",
        "geolocation_type": "regional.address",
        "scan_count": 2,
        "scan_previews": [
          "https://images.ahmp.cz/mrimage/ahmp_watermark/image/cz/archives/CZ-321100010/NAD-157/dao/images/0022/0148d9101f31ae414b92fef8fbf9aa2a.jpg/nahled_maly.jpg",
          "https://images.ahmp.cz/mrimage/ahmp_watermark/image/cz/archives/CZ-321100010/NAD-157/dao/images/0022/0148d9101f31ae414b92fef8fbf9aa2a.jpg/nahled_maly.jpg"
        ],
        "scan_zoomify_paths": [
          "https://images.ahmp.cz/mrimage/ahmp_watermark/zoomify/cz/archives/CZ-321100010/NAD-157/dao/images/0022/0148d9101f31ae414b92fef8fbf9aa2a.jpg",
          "https://images.ahmp.cz/mrimage/ahmp_watermark/zoomify/cz/archives/CZ-321100010/NAD-157/dao/images/0022/0148d9101f31ae414b92fef8fbf9aa2a.jpg"
        ]
      }
    },
    {
      "type": "Feature",
      "geometry": {
        "type": "Point",
        "coordinates": [
          14.42928,
          50.0923
        ]
      },
      "properties": {
        "id": "54412238FA5A11E5B79C406186009F3A",
        "group_id": "28729bd909fbc37f0abd9dc6977466b6738c1d13",
        "kind": "pozitiv",
        "description": "Pohled na rameno Vltavy u Primátorského ostrova s pěší lávkou na Primátorský ostrov a domy čp. 1233, 1232, 1231, 1540 a souborem budov u domu čp. 1229 v Novomlýnské ulici na Novém Městě. V pozadí domy čp. 1235 v Novomlýnské ulici.",
        "date_label": "25.3.1910",
        "start_date": "1910-03-25",
        "end_date": "1910-03-25",
        "author": "",
        "signature": "I 11642",
        "note": "",
        "views": "34x",
        "geolocation_type": "regional.address",
        "scan_count": 1,
        "scan_previews": [
          "https://images.ahmp.cz/mrimage/ahmp_watermark/image/cz/archives/CZ-321100010/NAD-157/dao/images/0023/c3549025a1bf96d8685221dd71cc381b.jpg/nahled_maly.jpg"
        ],
        "scan_zoomify_paths": [
          "https://images.ahmp.cz/mrimage/ahmp_watermark/zoomify/cz/archives/CZ-321100010/NAD-157/dao/images/0023/c3549025a1bf96d8685221dd71cc381b.jpg"
        ]
      }
    },
    {
      "type": "Feature",
      "geometry": {
        "type": "Point",
        "coordinates": [
          14.40853,
          50.07568
        ]
      },
      "properties": {
        "id": "5BC23046A9D811E881AB406186009F3A",
        "group_id": "bfd571c47fc2d0d173e45436ff2fb998114ad5b8",
        "kind": "pozitiv",
        "description": "Pohled do Diezenhoferových sadů na Smíchově. V pozadí domy čp. 1113 a 1112, Dienzenhoferův pavilon (dům čp. 74) a Malostranská vodárenská věž.",
        "date_label": "",
        "start_date": "",
        "end_date": "",
        "author": "Bellmann-ateliér",
        "signature": "I 12397",
        "note": "",
        "views": "72x",
        "geolocation_type": "regional.address",
        "scan_count": 1,
        "scan_previews": [
          "https://images.ahmp.cz/mrimage/ahmp_watermark/image/cz/archives/CZ-321100010/NAD-157/dao/images/0024/a1b850603a3acff825c352e7b9e6a1fd.jpg/nahled_maly.jpg"
        ],
        "scan_zoomify_paths": [
          "https://images.ahmp.cz/mrimage/ahmp_watermark/zoomify/cz/archives/CZ-321100010/NAD-157/dao/images/0024/a1b850603a3acff825c352e7b9e6a1fd.jpg"
        ]
      }
    },
    {
      "type": "Feature",
      "geometry": {
        "type": "Point",
        "coordinates": [
          14.43474,
          50.09841
        ]
      },
      "properties": {
        "id": "1117D291669311E481D7D4BED94BB14D",
        "group_id": "bbfa045a41521ee7f689ef62f6de594bbd118a22",
        "kind": "pozitiv",
        "description": "Celkový pohled na kostel sv. Antonína z Padovy v Holešovicích na Strossmayerově náměstí - jižní průčelí.",
        "date_label": "31.8.1937",
        "start_date": "1937-08-31",
        "end_date": "1937-08-31",
        "author": "Alexander, Antonín (1892-působnost do 1948)",
        "signature": "I 11051",
        "note": "",
        "views": "64x",
        "geolocation_type": "regional.address",
        "scan_count": 1,
        "scan_previews": [
          "https://images.ahmp.cz/mrimage/ahmp_watermark/image/cz/archives/CZ-321100010/NAD-157/dao/images/0016/6793cd85455e9f2a9b809e3e03e42d7b.jpg/nahled_maly.jpg"
        ],
        "scan_zoomify_paths": [
          "https://images.ahmp.cz/mrimage/ahmp_watermark/zoomify/cz/archives/CZ-321100010/NAD-157/dao/images/0016/6793cd85455e9f2a9b809e3e03e42d7b.jpg"
        ]
      }
    },
    {
      "type": "Feature",
      "geometry": {
        "type": "Point",
        "coordinates": [
          14.37685,
          50.10006
        ]
      },
      "properties": {
        "id": "643E54997F8611E4A56A406186009F3A",
        "group_id": "16b118a7b204ab6c7be91aac758ae85bf3be9e12",
        "kind": "pozitiv",
        "description": "Pohled na zadní průčelí stodoly (čp. 11?) usedlosti Hadovka (čp. 10) v Dejvicích.",
        "date_label": "březen 1959",
        "start_date": "1959-03-01",
        "end_date": "1959-03-31",
        "author": "Hnilička, Eduard (1887-1967)",
        "signature": "I 11084",
        "note": "",
        "views": "63x",
        "geolocation_type": "regional.address",
        "scan_count": 1,
        "scan_previews": [
          "https://images.ahmp.cz/mrimage/ahmp_watermark/image/cz/archives/CZ-321100010/NAD-157/dao/images/0016/48024f8cf08574e1a4c1ae61b40b4ae4.jpg/nahled_maly.jpg"
        ],
        "scan_zoomify_paths": [
          "https://images.ahmp.cz/mrimage/ahmp_watermark/zoomify/cz/archives/CZ-321100010/NAD-157/dao/images/0016/48024f8cf08574e1a4c1ae61b40b4ae4.jpg"
        ]
      }
    },
    {
      "type": "Feature",
      "geometry": {
        "type": "Point",
        "coordinates": [
          14.42009,
          50.087
        ]
      },
      "properties": {
        "id": "0A642D7590C811E8B3B474D435EEBE90",
        "group_id": "87e0a2674b5184d1b6fcd727cbf0079405a9eb5f",
        "kind": "negativ",
        "description": "Pohled na část orloje Staroměstské radnice (dům čp. 1 na Starém Městě) na Staroměstském náměstí při opravě.",
        "date_label": "kol.1910",
        "start_date": "1910-01-01",
        "end_date": "1910-12-31",
        "author": "",
        "signature": "X 8776",
        "note": "",
        "views": "22x",
        "geolocation_type": "regional.address",
        "scan_count": 1,
        "scan_previews": [
          "https://images.ahmp.cz/mrimage/ahmp_watermark/image/cz/archives/CZ-321100010/NAD-157/dao/images/0024/5dc5d189c64ee0b555bdcb33b2dab234.jpg/nahled_maly.jpg"
        ],
        "scan_zoomify_paths": [
          "https://images.ahmp.cz/mrimage/ahmp_watermark/zoomify/cz/archives/CZ-321100010/NAD-157/dao/images/0024/5dc5d189c64ee0b555bdcb33b2dab234.jpg"
        ]
      }
    },
    {
      "type": "Feature",
      "geometry": {
        "type": "Point",
        "coordinates": [
          14.49055,
          50.0745
        ]
      },
      "properties": {
        "id": "014E5E783F3311E4B4E9406186009F3A",
        "group_id": "147508b5bc7e5365f4d69a98f84a924b443de4bc",
        "kind": "pozitiv",
        "description": "Celkový pohled na dům čp. 42 ve Strašnicích (bývalá škola, později obecní úřad).",
        "date_label": "14.9.1942",
        "start_date": "1942-09-14",
        "end_date": "1942-09-14",
        "author": "Alexander, Antonín (1892-působnost do 1948)",
        "signature": "I 11029",
        "note": "",
        "views": "66x",
        "geolocation_type": "regional.address",
        "scan_count": 1,
        "scan_previews": [
          "https://images.ahmp.cz/mrimage/ahmp_watermark/image/cz/archives/CZ-321100010/NAD-157/dao/images/0016/1bc103e432399f9cc4ac4132da36e3fd.jpg/nahled_maly.jpg"
        ],
        "scan_zoomify_paths": [
          "https://images.ahmp.cz/mrimage/ahmp_watermark/zoomify/cz/archives/CZ-321100010/NAD-157/dao/images/0016/1bc103e432399f9cc4ac4132da36e3fd.jpg"
        ]
      }
    },
    {
      "type": "Feature",
      "geometry": {
        "type": "Point",
        "coordinates": [
          14.43076,
          50.09537
        ]
      },
      "properties": {
        "id": "4F4DCAC1E9D911E5A51E000C76270B94",
        "group_id": "36355af0ef1336aa18f7317e50a441a241b8a25b",
        "kind": "pozitiv",
        "description": "Pohled na odlehčující propust nového Helmovského jezu během velké vody. V pozadí most císaře Františka Josefa I.",
        "date_label": "23.3.1909",
        "start_date": "1909-03-23",
        "end_date": "1909-03-23",
        "author": "",
        "signature": "I 11595",
        "note": "",
        "views": "85x",
        "geolocation_type": "poi",
        "scan_count": 1,
        "scan_previews": [
          "https://images.ahmp.cz/mrimage/ahmp_watermark/image/cz/archives/CZ-321100010/NAD-157/dao/images/0023/73c89de59c041b472af18eaee5f04aad.jpg/nahled_maly.jpg"
        ],
        "scan_zoomify_paths": [
          "https://images.ahmp.cz/mrimage/ahmp_watermark/zoomify/cz/archives/CZ-321100010/NAD-157/dao/images/0023/73c89de59c041b472af18eaee5f04aad.jpg"
        ]
      }
    },
    {
      "type": "Feature",
      "geometry": {
        "type": "Point",
        "coordinates": [
          14.41783,
          50.08711
        ]
      },
      "properties": {
        "id": "6094088b26e04890ac22a12c49f71d1e",
        "group_id": "0f62d8002b48d0d3f15f985d786fce2ea8c59ff0",
        "kind": "pozitiv",
        "description": "Pohled na novostavbu budovy Magistrátu hlavního města Prahy (dům čp. 2) na Mariánském náměstí na Starém Městě směrem k náměstí Franze Kafky - nově osazené sochy na střeše.",
        "date_label": "1910-1911",
        "start_date": "1910-01-01",
        "end_date": "1911-12-31",
        "author": "",
        "signature": "I 12903",
        "note": "",
        "views": "18x",
        "geolocation_type": "regional.address",
        "scan_count": 2,
        "scan_previews": [
          "https://images.ahmp.cz/mrimage/ahmp_watermark/image/cz/archives/CZ-321100010/global-dao/images/0101/f58e18b2dcd23fce2cea0d1f53f682e3.jpg/nahled_maly.jpg",
          "https://images.ahmp.cz/mrimage/ahmp_watermark/image/cz/archives/CZ-321100010/global-dao/images/0101/f58e18b2dcd23fce2cea0d1f53f682e3.jpg/nahled_maly.jpg"
        ],
        "scan_zoomify_paths": [
          "https://images.ahmp.cz/mrimage/ahmp_watermark/zoomify/cz/archives/CZ-321100010/global-dao/images/0101/f58e18b2dcd23fce2cea0d1f53f682e3.jpg",
          "https://images.ahmp.cz/mrimage/ahmp_watermark/zoomify/cz/archives/CZ-321100010/global-dao/images/0101/f58e18b2dcd23fce2cea0d1f53f682e3.jpg"
        ]
      }
    },
    {
      "type": "Feature",
      "geometry": {
        "type": "Point",
        "coordinates": [
          14.42034,
          50.08826
        ]
      },
      "properties": {
        "id": "10E7CCAC061311E1BEBD000C766D2371",
        "group_id": "ed64c204f4ec27bc82be066ba33d66bfafe42c34",
        "kind": "negativ",
        "description": "Průhled Pařížskou ulicí směrem ke Staroměstskému náměstí.",
        "date_label": "kol.1910",
        "start_date": "1910-01-01",
        "end_date": "1910-12-31",
        "author": "",
        "signature": "X 2731",
        "note": "",
        "views": "58x",
        "geolocation_type": "regional.address",
        "scan_count": 2,
        "scan_previews": [
          "https://images.ahmp.cz/mrimage/ahmp_watermark/image/cz/archives/CZ-321100010/NAD-157/dao/images/0022/924d0e83f21ec9036cda44e7d848068b.jpg/nahled_maly.jpg",
          "https://images.ahmp.cz/mrimage/ahmp_watermark/image/cz/archives/CZ-321100010/NAD-157/dao/images/0022/924d0e83f21ec9036cda44e7d848068b.jpg/nahled_maly.jpg"
        ],
        "scan_zoomify_paths": [
          "https://images.ahmp.cz/mrimage/ahmp_watermark/zoomify/cz/archives/CZ-321100010/NAD-157/dao/images/0022/924d0e83f21ec9036cda44e7d848068b.jpg",
          "https://images.ahmp.cz/mrimage/ahmp_watermark/zoomify/cz/archives/CZ-321100010/NAD-157/dao/images/0022/924d0e83f21ec9036cda44e7d848068b.jpg"
        ]
      }
    },
    {
      "type": "Feature",
      "geometry": {
        "type": "Point",
        "coordinates": [
          14.43076,
          50.09537
        ]
      },
      "properties": {
        "id": "5C438B66524611E6A54B000C76270B94",
        "group_id": "ef5d4cbe54a437df319dc431e978b2fe3a34961a",
        "kind": "pozitiv",
        "description": "Pohled na přípravu drátěné konstrukce pro betonování vorové propusti nového Helmovského jezu. V pozadí most císaře Františka Josefa I.",
        "date_label": "24.6.1908",
        "start_date": "1908-06-24",
        "end_date": "1908-06-24",
        "author": "",
        "signature": "I 11739",
        "note": "",
        "views": "58x",
        "geolocation_type": "poi",
        "scan_count": 1,
        "scan_previews": [
          "https://images.ahmp.cz/mrimage/ahmp_watermark/image/cz/archives/CZ-321100010/NAD-157/dao/images/0023/5a80f51652909d1436fc786d0c49a1ef.jpg/nahled_maly.jpg"
        ],
        "scan_zoomify_paths": [
          "https://images.ahmp.cz/mrimage/ahmp_watermark/zoomify/cz/archives/CZ-321100010/NAD-157/dao/images/0023/5a80f51652909d1436fc786d0c49a1ef.jpg"
        ]
      }
    },
    {
      "type": "Feature",
      "geometry": {
        "type": "Point",
        "coordinates": [
          14.4298,
          50.09643
        ]
      },
      "properties": {
        "id": "5A7E769B189D11E4B6C9406186009F3A",
        "group_id": "0a284139418a594080309f976d4b4471111c8012",
        "kind": "pozitiv",
        "description": "Partie ze sadů na Letné - pomník.",
        "date_label": "",
        "start_date": "",
        "end_date": "",
        "author": "",
        "signature": "I 11014",
        "note": "",
        "views": "57x",
        "geolocation_type": "regional.address",
        "scan_count": 1,
        "scan_previews": [
          "https://images.ahmp.cz/mrimage/ahmp_watermark/image/cz/archives/CZ-321100010/NAD-157/dao/images/0016/0efe8840107378781e9810a83e1b9f84.jpg/nahled_maly.jpg"
        ],
        "scan_zoomify_paths": [
          "https://images.ahmp.cz/mrimage/ahmp_watermark/zoomify/cz/archives/CZ-321100010/NAD-157/dao/images/0016/0efe8840107378781e9810a83e1b9f84.jpg"
        ]
      }
    },
    {
      "type": "Feature",
      "geometry": {
        "type": "Point",
        "coordinates": [
          14.36406,
          50.08607
        ]
      },
      "properties": {
        "id": "4F23AD64B5FC11E58B3BD4BED94BB14D",
        "group_id": "7e6018de48abac0fe36c3e417ea962bcbca2ec90",
        "kind": "pozitiv",
        "description": "Pohled na Malé náměstí (dnes Břevnovská ulice) s domem čp. 15 v Břevnově (panská kovárna).",
        "date_label": "1925",
        "start_date": "1925-01-01",
        "end_date": "1925-12-31",
        "author": "Vojta, Tomáš (1885-1934)",
        "signature": "I 11390",
        "note": "",
        "views": "54x",
        "geolocation_type": "regional.address",
        "scan_count": 1,
        "scan_previews": [
          "https://images.ahmp.cz/mrimage/ahmp_watermark/image/cz/archives/CZ-321100010/NAD-157/dao/images/0016/1a5264ad1300d35cc87c1babbc89f7f3.jpg/nahled_maly.jpg"
        ],
        "scan_zoomify_paths": [
          "https://images.ahmp.cz/mrimage/ahmp_watermark/zoomify/cz/archives/CZ-321100010/NAD-157/dao/images/0016/1a5264ad1300d35cc87c1babbc89f7f3.jpg"
        ]
      }
    },
    {
      "type": "Feature",
      "geometry": {
        "type": "Point",
        "coordinates": [
          14.43076,
          50.09537
        ]
      },
      "properties": {
        "id": "0E986FDB5D5811E6A54F000C76270B94",
        "group_id": "55e227767ef3cec82597bc2cc485dfcbb87afe7f",
        "kind": "pozitiv",
        "description": "Pohled na zbytky starého Helmovského jezu odkryté během splavnění Vltavy u ostrova Štvanice.",
        "date_label": "26.9.1908",
        "start_date": "1908-09-26",
        "end_date": "1908-09-26",
        "author": "",
        "signature": "I 11773",
        "note": "",
        "views": "15x",
        "geolocation_type": "poi",
        "scan_count": 1,
        "scan_previews": [
          "https://images.ahmp.cz/mrimage/ahmp_watermark/image/cz/archives/CZ-321100010/NAD-157/dao/images/0023/01b83a768e30ad65f0859667a61f0e32.jpg/nahled_maly.jpg"
        ],
        "scan_zoomify_paths": [
          "https://images.ahmp.cz/mrimage/ahmp_watermark/zoomify/cz/archives/CZ-321100010/NAD-157/dao/images/0023/01b83a768e30ad65f0859667a61f0e32.jpg"
        ]
      }
    },
    {
      "type": "Feature",
      "geometry": {
        "type": "Point",
        "coordinates": [
          14.39148,
          50.07167
        ]
      },
      "properties": {
        "id": "5B599A442FB511E5A57D74D435EEBE90",
        "group_id": "8c48199ad27b42567b2b20baf30a716448bbd635",
        "kind": "pozitiv",
        "description": "Pohled na hrobky rodin Mayerhoferovy a Odkolkovy od Ignáce Karla Platzera na Malostranském hřbitově na Smíchově.",
        "date_label": "před 1919",
        "start_date": "1800-01-01",
        "end_date": "1918-12-31",
        "author": "Petřík, J.",
        "signature": "I 11238",
        "note": "",
        "views": "89x",
        "geolocation_type": "poi",
        "scan_count": 1,
        "scan_previews": [
          "https://images.ahmp.cz/mrimage/ahmp_watermark/image/cz/archives/CZ-321100010/NAD-157/dao/images/0023/2ca382fb786fd3a08df578e0ae66fbf1.jpg/nahled_maly.jpg"
        ],
        "scan_zoomify_paths": [
          "https://images.ahmp.cz/mrimage/ahmp_watermark/zoomify/cz/archives/CZ-321100010/NAD-157/dao/images/0023/2ca382fb786fd3a08df578e0ae66fbf1.jpg"
        ]
      }
    },
    {
      "type": "Feature",
      "geometry": {
        "type": "Point",
        "coordinates": [
          14.45401,
          50.08475
        ]
      },
      "properties": {
        "id": "62AAA207C83D11E2ACB8406186009F3A",
        "group_id": "255265340db673cf6ac094ac54447657795c609e",
        "kind": "pozitiv",
        "description": "Pohled na zadní stranu pomníku Karla Havlíčka Borovského na Žižkově, v pozadí Havlíčkovo náměstí.",
        "date_label": "24.9.1942",
        "start_date": "1942-09-24",
        "end_date": "1942-09-24",
        "author": "Alexander, Antonín (1892-působnost do 1948)",
        "signature": "I 9729",
        "note": "",
        "views": "64x",
        "geolocation_type": "regional.address",
        "scan_count": 1,
        "scan_previews": [
          "https://images.ahmp.cz/mrimage/ahmp_watermark/image/cz/archives/CZ-321100010/NAD-157/dao/images/0016/cb961c1839aecb59123347dc816db958.jpg/nahled_maly.jpg"
        ],
        "scan_zoomify_paths": [
          "https://images.ahmp.cz/mrimage/ahmp_watermark/zoomify/cz/archives/CZ-321100010/NAD-157/dao/images/0016/cb961c1839aecb59123347dc816db958.jpg"
        ]
      }
    },
    {
      "type": "Feature",
      "geometry": {
        "type": "Point",
        "coordinates": [
          14.42249,
          50.09031
        ]
      },
      "properties": {
        "id": "4a98eb1107ab47edbfd7ac039c9c5109",
        "group_id": "91c9c4121ff31f437ed1f72e83605b036e5de425",
        "kind": "negativ",
        "description": "Pohled na dům čp. 821 v Kozí ulici na Starém Městě po odbourání sousedních domů. V pozadí vlevo dům čp. 847 na Starém Městě (klášter Milosrdných bratří, nemocnice Na Františku) a kostel sv. Šimona a Judy.",
        "date_label": "12.10.1948",
        "start_date": "1948-10-12",
        "end_date": "1948-10-12",
        "author": "Poustecký, Josef",
        "signature": "X 7940",
        "note": "",
        "views": "19x",
        "geolocation_type": "regional.address",
        "scan_count": 1,
        "scan_previews": [
          "https://images.ahmp.cz/mrimage/ahmp_watermark/image/cz/archives/CZ-321100010/global-dao/images/0304/8b586fda68280f75f193e63356124976.jpg/nahled_maly.jpg"
        ],
        "scan_zoomify_paths": [
          "https://images.ahmp.cz/mrimage/ahmp_watermark/zoomify/cz/archives/CZ-321100010/global-dao/images/0304/8b586fda68280f75f193e63356124976.jpg"
        ]
      }
    },
    {
      "type": "Feature",
      "geometry": {
        "type": "Point",
        "coordinates": [
          14.43681,
          50.09865
        ]
      },
      "properties": {
        "id": "5E27874B669211E481D7D4BED94BB14D",
        "group_id": "db37dbd01998eba862f66b3f7fde720a6b614a92",
        "kind": "pozitiv",
        "description": "Celkový pohled na novostavbu Elektrických podniků hl. m. Prahy v Holešovicích (dům čp. 1477).",
        "date_label": "31.8.1937",
        "start_date": "1937-08-31",
        "end_date": "1937-08-31",
        "author": "Alexander, Antonín (1892-působnost do 1948)",
        "signature": "I 11047",
        "note": "",
        "views": "73x",
        "geolocation_type": "regional.address",
        "scan_count": 1,
        "scan_previews": [
          "https://images.ahmp.cz/mrimage/ahmp_watermark/image/cz/archives/CZ-321100010/NAD-157/dao/images/0016/f1a0e7e13e3e75c676489f88973d918c.jpg/nahled_maly.jpg"
        ],
        "scan_zoomify_paths": [
          "https://images.ahmp.cz/mrimage/ahmp_watermark/zoomify/cz/archives/CZ-321100010/NAD-157/dao/images/0016/f1a0e7e13e3e75c676489f88973d918c.jpg"
        ]
      }
    },
    {
      "type": "Feature",
      "geometry": {
        "type": "Point",
        "coordinates": [
          14.43076,
          50.09537
        ]
      },
      "properties": {
        "id": "4DE972DB638211E6A553000C76270B94",
        "group_id": "b45239abe4e73f863d78548a76ac128efec13a6b",
        "kind": "pozitiv",
        "description": "Pohled do vorové propusti nového Helmovského mlýnu. V pozadí most císaře Františka Josefa I.",
        "date_label": "9.4.1910",
        "start_date": "1910-04-09",
        "end_date": "1910-04-09",
        "author": "",
        "signature": "I 11824",
        "note": "",
        "views": "48x",
        "geolocation_type": "poi",
        "scan_count": 1,
        "scan_previews": [
          "https://images.ahmp.cz/mrimage/ahmp_watermark/image/cz/archives/CZ-321100010/NAD-157/dao/images/0023/514f8dfb94322146347065837d80d15f.jpg/nahled_maly.jpg"
        ],
        "scan_zoomify_paths": [
          "https://images.ahmp.cz/mrimage/ahmp_watermark/zoomify/cz/archives/CZ-321100010/NAD-157/dao/images/0023/514f8dfb94322146347065837d80d15f.jpg"
        ]
      }
    },
    {
      "type": "Feature",
      "geometry": {
        "type": "Point",
        "coordinates": [
          14.40936,
          50.02973
        ]
      },
      "properties": {
        "id": "58D3F3E1B99F11E3A934406186009F3A",
        "group_id": "d07d7da7cede7b0cc95a12ef380452c41f5b10b0",
        "kind": "pozitiv",
        "description": "Pohled z Barrandovské skály k severovýchodu. V popředí Barrandovská skála a vltavské údolí. Na protějším břehu Braník s ledárnou (dům čp. 238) a Branickým pivovarem (dům čp. 212). Součást panoramatu.",
        "date_label": "4.4.1926",
        "start_date": "1926-04-04",
        "end_date": "1926-04-04",
        "author": "Alexander, Antonín (1892-působnost do 1948)",
        "signature": "I 9921",
        "note": "",
        "views": "65x",
        "geolocation_type": "regional.address",
        "scan_count": 1,
        "scan_previews": [
          "https://images.ahmp.cz/mrimage/ahmp_watermark/image/cz/archives/CZ-321100010/NAD-157/dao/images/0016/46782a5320a111c9f7c98fa8870d6363.jpg/nahled_maly.jpg"
        ],
        "scan_zoomify_paths": [
          "https://images.ahmp.cz/mrimage/ahmp_watermark/zoomify/cz/archives/CZ-321100010/NAD-157/dao/images/0016/46782a5320a111c9f7c98fa8870d6363.jpg"
        ]
      }
    },
    {
      "type": "Feature",
      "geometry": {
        "type": "Point",
        "coordinates": [
          14.40925,
          50.02208
        ]
      },
      "properties": {
        "id": "0C180476D19F11E69F29406186009F3A",
        "group_id": "d605be2f400636530a27c50bd35e34edf26ea007",
        "kind": "pozitiv",
        "description": "Pohled na hájovnu v Hodkovičkách (dům čp. 35 v dnešní ulici Nad Lesem).",
        "date_label": "",
        "start_date": "",
        "end_date": "",
        "author": "",
        "signature": "I 12149",
        "note": "",
        "views": "36x",
        "geolocation_type": "regional.address",
        "scan_count": 1,
        "scan_previews": [
          "https://images.ahmp.cz/mrimage/ahmp_watermark/image/cz/archives/CZ-321100010/NAD-157/dao/images/0023/b15c7bfa9caf0619e37d6ca35622fe75.jpg/nahled_maly.jpg"
        ],
        "scan_zoomify_paths": [
          "https://images.ahmp.cz/mrimage/ahmp_watermark/zoomify/cz/archives/CZ-321100010/NAD-157/dao/images/0023/b15c7bfa9caf0619e37d6ca35622fe75.jpg"
        ]
      }
    },
    {
      "type": "Feature",
      "geometry": {
        "type": "Point",
        "coordinates": [
          14.41739,
          50.08739
        ]
      },
      "properties": {
        "id": "54ca922dc45744718c5ab21909cb732b",
        "group_id": "ff67ee69fd72e0455b69d671b24f9aca44a78ead",
        "kind": "negativ",
        "description": "Pohled na Mariánském náměstí k jihozápadu. Vpravo Klementinum (dům čp. 190, 1040), uprostřed Trautmansdorfský palác (dům čp. 159), vlevo část Clam-Gallasovského paláce (dům čp. 158) na Starém Městě.",
        "date_label": "30.5.1913",
        "start_date": "1913-05-30",
        "end_date": "1913-05-30",
        "author": "Reach, Zikmund (1859-1935)",
        "signature": "X 612",
        "note": "",
        "views": "14x",
        "geolocation_type": "regional.address",
        "scan_count": 1,
        "scan_previews": [
          "https://images.ahmp.cz/mrimage/ahmp_watermark/image/cz/archives/CZ-321100010/global-dao/images/0245/7bbb2662d8c1f3e693a4f08c3db7ee5a.jpg/nahled_maly.jpg"
        ],
        "scan_zoomify_paths": [
          "https://images.ahmp.cz/mrimage/ahmp_watermark/zoomify/cz/archives/CZ-321100010/global-dao/images/0245/7bbb2662d8c1f3e693a4f08c3db7ee5a.jpg"
        ]
      }
    },
    {
      "type": "Feature",
      "geometry": {
        "type": "Point",
        "coordinates": [
          14.4369,
          50.09567
        ]
      },
      "properties": {
        "id": "072EB4635D4E11E6A54F000C76270B94",
        "group_id": "60f462f0db5e278497827926385f7ff0011bc677",
        "kind": "pozitiv",
        "description": "Celkový pohled na vybudovaný provizorní dřevěný most pro dělníky mezi ostrovem Štvanice a Holešovicemi. V pozadí provizorní dřevěný most (Hlávkův).",
        "date_label": "7.12.1908",
        "start_date": "1908-12-07",
        "end_date": "1908-12-07",
        "author": "",
        "signature": "I 11768",
        "note": "",
        "views": "55x",
        "geolocation_type": "regional.street",
        "scan_count": 1,
        "scan_previews": [
          "https://images.ahmp.cz/mrimage/ahmp_watermark/image/cz/archives/CZ-321100010/NAD-157/dao/images/0023/29ec2ef84b152b51d5a3648e07b0f0a1.jpg/nahled_maly.jpg"
        ],
        "scan_zoomify_paths": [
          "https://images.ahmp.cz/mrimage/ahmp_watermark/zoomify/cz/archives/CZ-321100010/NAD-157/dao/images/0023/29ec2ef84b152b51d5a3648e07b0f0a1.jpg"
        ]
      }
    },
    {
      "type": "Feature",
      "geometry": {
        "type": "Point",
        "coordinates": [
          14.43287,
          50.09886
        ]
      },
      "properties": {
        "id": "62D1928F698211E49A11406186009F3A",
        "group_id": "19fc19273ec76c5e376b518f7977e2ca16584fce",
        "kind": "pozitiv",
        "description": "Pohled do Belcrediho třídy (dnes ulice Milady Horákové) od křižovatky se Strossmayerovým náměstím směrem od kostela sv. Antonína k západu. Vpravo nárožní dům čp. 691, vlevo nárožní dům čp. 476 v Holešovicích.",
        "date_label": "31.8.1937",
        "start_date": "1937-08-31",
        "end_date": "1937-08-31",
        "author": "Alexander, Antonín (1892-působnost do 1948)",
        "signature": "I 11054",
        "note": "",
        "views": "104x",
        "geolocation_type": "regional.address",
        "scan_count": 1,
        "scan_previews": [
          "https://images.ahmp.cz/mrimage/ahmp_watermark/image/cz/archives/CZ-321100010/NAD-157/dao/images/0016/dc174d16d0d32319968b41666e1f8d3c.jpg/nahled_maly.jpg"
        ],
        "scan_zoomify_paths": [
          "https://images.ahmp.cz/mrimage/ahmp_watermark/zoomify/cz/archives/CZ-321100010/NAD-157/dao/images/0016/dc174d16d0d32319968b41666e1f8d3c.jpg"
        ]
      }
    },
    {
      "type": "Feature",
      "geometry": {
        "type": "Point",
        "coordinates": [
          14.4369,
          50.09567
        ]
      },
      "properties": {
        "id": "0E320FA6648811E6A554000C76270B94",
        "group_id": "ff4769b36913432b155e1f11faa5cbf067359acf",
        "kind": "pozitiv",
        "description": "Pohled na stavbu horního ohlaví plavebních komor u ostrova Štvanice pod nedokončenou železnou částí Hlávkova mostu.",
        "date_label": "16.10.1909",
        "start_date": "1909-10-16",
        "end_date": "1909-10-16",
        "author": "",
        "signature": "I 11868",
        "note": "",
        "views": "35x",
        "geolocation_type": "regional.street",
        "scan_count": 1,
        "scan_previews": [
          "https://images.ahmp.cz/mrimage/ahmp_watermark/image/cz/archives/CZ-321100010/NAD-157/dao/images/0023/55d223e44ff240f4b34d3cab05e2e52a.jpg/nahled_maly.jpg"
        ],
        "scan_zoomify_paths": [
          "https://images.ahmp.cz/mrimage/ahmp_watermark/zoomify/cz/archives/CZ-321100010/NAD-157/dao/images/0023/55d223e44ff240f4b34d3cab05e2e52a.jpg"
        ]
      }
    },
    {
      "type": "Feature",
      "geometry": {
        "type": "Point",
        "coordinates": [
          14.50767,
          50.07748
        ]
      },
      "properties": {
        "id": "03B7077A4FF511E6A54A000C76270B94",
        "group_id": "54945ab8e284f9e42f51700d3c51f4f2cd95a382",
        "kind": "pozitiv",
        "description": "Pohled na částečně zbořené Helmovské mlýny na Novém Městě - zleva Kubešův mlýn (dům čp. 1220), zbytky mlýna čp. 1303 a mlýn čp. 1222. V pozadí Dolní Lodecké mlýny a domy v Klimentské ulici.",
        "date_label": "23.2.1909",
        "start_date": "1909-02-23",
        "end_date": "1909-02-23",
        "author": "",
        "signature": "I 11732",
        "note": "",
        "views": "55x",
        "geolocation_type": "regional.address",
        "scan_count": 1,
        "scan_previews": [
          "https://images.ahmp.cz/mrimage/ahmp_watermark/image/cz/archives/CZ-321100010/NAD-157/dao/images/0023/493d29d06dd5afd8d44e46815dd21574.jpg/nahled_maly.jpg"
        ],
        "scan_zoomify_paths": [
          "https://images.ahmp.cz/mrimage/ahmp_watermark/zoomify/cz/archives/CZ-321100010/NAD-157/dao/images/0023/493d29d06dd5afd8d44e46815dd21574.jpg"
        ]
      }
    },
    {
      "type": "Feature",
      "geometry": {
        "type": "Point",
        "coordinates": [
          14.45401,
          50.08475
        ]
      },
      "properties": {
        "id": "14729CE2C83C11E2ACB8406186009F3A",
        "group_id": "b426ef90ca41e5099507a90e1d1bb4b2accb9992",
        "kind": "pozitiv",
        "description": "Pohled na pomník Karla Havlíčka Borovského na Žižkově.",
        "date_label": "24.9.1942",
        "start_date": "1942-09-24",
        "end_date": "1942-09-24",
        "author": "Alexander, Antonín (1892-působnost do 1948)",
        "signature": "I 9727",
        "note": "",
        "views": "58x",
        "geolocation_type": "regional.address",
        "scan_count": 1,
        "scan_previews": [
          "https://images.ahmp.cz/mrimage/ahmp_watermark/image/cz/archives/CZ-321100010/NAD-157/dao/images/0016/15ab252be47c795541e23a3e3ad74391.jpg/nahled_maly.jpg"
        ],
        "scan_zoomify_paths": [
          "https://images.ahmp.cz/mrimage/ahmp_watermark/zoomify/cz/archives/CZ-321100010/NAD-157/dao/images/0016/15ab252be47c795541e23a3e3ad74391.jpg"
        ]
      }
    },
    {
      "type": "Feature",
      "geometry": {
        "type": "Point",
        "coordinates": [
          14.60209,
          50.02694
        ]
      },
      "properties": {
        "id": "04B226A1157111E39CC26C626D41E503",
        "group_id": "fdfa155c8ed19a603ed0b457219d02709244c80b",
        "kind": "pozitiv",
        "description": "Průhled Betlémskou ulicí z křižovatky s ulicí Karoliny Světlé. Vlevo dům čp. 286 na Starém Městě (Armáda spásy).",
        "date_label": "6.11.1927",
        "start_date": "1927-11-06",
        "end_date": "1927-11-06",
        "author": "Alexander, Antonín (1892-působnost do 1948)",
        "signature": "I 9776",
        "note": "",
        "views": "56x",
        "geolocation_type": "regional.address",
        "scan_count": 1,
        "scan_previews": [
          "https://images.ahmp.cz/mrimage/ahmp_watermark/image/cz/archives/CZ-321100010/NAD-157/dao/images/0022/8101f10ea0789fdd4bf3dfc9e3c80d50.jpg/nahled_maly.jpg"
        ],
        "scan_zoomify_paths": [
          "https://images.ahmp.cz/mrimage/ahmp_watermark/zoomify/cz/archives/CZ-321100010/NAD-157/dao/images/0022/8101f10ea0789fdd4bf3dfc9e3c80d50.jpg"
        ]
      }
    },
    {
      "type": "Feature",
      "geometry": {
        "type": "Point",
        "coordinates": [
          14.44069,
          50.09758
        ]
      },
      "properties": {
        "id": "125C4679645511E6A554000C76270B94",
        "group_id": "a6cecb94030eade9587e76c3ca248abc1a6ce83a",
        "kind": "pozitiv",
        "description": "Pohled na zajištění vodní jímky kolem jednoho z pilířů Negrelliho viaduktu během splavnění Vltavy u ostrova Štvanice.",
        "date_label": "17.8.1910",
        "start_date": "1910-08-17",
        "end_date": "1910-08-17",
        "author": "",
        "signature": "I 11845",
        "note": "",
        "views": "68x",
        "geolocation_type": "poi",
        "scan_count": 1,
        "scan_previews": [
          "https://images.ahmp.cz/mrimage/ahmp_watermark/image/cz/archives/CZ-321100010/NAD-157/dao/images/0023/8c46179bb68ca8ebc857bab205337d3b.jpg/nahled_maly.jpg"
        ],
        "scan_zoomify_paths": [
          "https://images.ahmp.cz/mrimage/ahmp_watermark/zoomify/cz/archives/CZ-321100010/NAD-157/dao/images/0023/8c46179bb68ca8ebc857bab205337d3b.jpg"
        ]
      }
    },
    {
      "type": "Feature",
      "geometry": {
        "type": "Point",
        "coordinates": [
          14.43744,
          50.09433
        ]
      },
      "properties": {
        "id": "51A8D151645811E6A554000C76270B94",
        "group_id": "959f536e3fbf61fa254ae3488a2f687c74c01351",
        "kind": "pozitiv",
        "description": "Pohled na jeden z dílů horního ohlaví menší plavební komory u ostrova Štvanice.",
        "date_label": "19.7.1910",
        "start_date": "1910-07-19",
        "end_date": "1910-07-19",
        "author": "",
        "signature": "I 11847",
        "note": "",
        "views": "30x",
        "geolocation_type": "poi",
        "scan_count": 1,
        "scan_previews": [
          "https://images.ahmp.cz/mrimage/ahmp_watermark/image/cz/archives/CZ-321100010/NAD-157/dao/images/0023/6fc5c7960683c94df9a03351ad393e98.jpg/nahled_maly.jpg"
        ],
        "scan_zoomify_paths": [
          "https://images.ahmp.cz/mrimage/ahmp_watermark/zoomify/cz/archives/CZ-321100010/NAD-157/dao/images/0023/6fc5c7960683c94df9a03351ad393e98.jpg"
        ]
      }
    },
    {
      "type": "Feature",
      "geometry": {
        "type": "Point",
        "coordinates": [
          14.43076,
          50.09537
        ]
      },
      "properties": {
        "id": "54242D17F01511E5A521000C76270B94",
        "group_id": "4ebebf6b595e9341a47bf5bf7bbf7faa230babeb",
        "kind": "pozitiv",
        "description": "Pohled na úpravu břehu u vorové propusti nového Helmovského jezu. V pozadí most císaře Františka Josefa I.",
        "date_label": "11.5.1909",
        "start_date": "1909-05-11",
        "end_date": "1909-05-11",
        "author": "",
        "signature": "I 11609",
        "note": "",
        "views": "88x",
        "geolocation_type": "poi",
        "scan_count": 1,
        "scan_previews": [
          "https://images.ahmp.cz/mrimage/ahmp_watermark/image/cz/archives/CZ-321100010/NAD-157/dao/images/0023/93314ed08d13596d9948d1195285d93f.jpg/nahled_maly.jpg"
        ],
        "scan_zoomify_paths": [
          "https://images.ahmp.cz/mrimage/ahmp_watermark/zoomify/cz/archives/CZ-321100010/NAD-157/dao/images/0023/93314ed08d13596d9948d1195285d93f.jpg"
        ]
      }
    },
    {
      "type": "Feature",
      "geometry": {
        "type": "Point",
        "coordinates": [
          14.4368,
          50.09865
        ]
      },
      "properties": {
        "id": "03928240E69511E89E7C74D435EEBE90",
        "group_id": "9fc686667cb559c493b264b3c6557479bb14f51e",
        "kind": "pozitiv",
        "description": "Pohled do Bubenské ulice na část domu čp. 415 v Holešovicích.",
        "date_label": "kol.1940",
        "start_date": "1940-01-01",
        "end_date": "1940-12-31",
        "author": "",
        "signature": "I 12405",
        "note": "",
        "views": "47x",
        "geolocation_type": "regional.address",
        "scan_count": 1,
        "scan_previews": [
          "https://images.ahmp.cz/mrimage/ahmp_watermark/image/cz/archives/CZ-321100010/NAD-157/dao/images/0025/5deb0a9392f57879d795e5e177bd5f8e.jpg/nahled_maly.jpg"
        ],
        "scan_zoomify_paths": [
          "https://images.ahmp.cz/mrimage/ahmp_watermark/zoomify/cz/archives/CZ-321100010/NAD-157/dao/images/0025/5deb0a9392f57879d795e5e177bd5f8e.jpg"
        ]
      }
    },
    {
      "type": "Feature",
      "geometry": {
        "type": "Point",
        "coordinates": [
          14.40131,
          50.08733
        ]
      },
      "properties": {
        "id": "0D1D25DB79E511E3B274406186009F3A",
        "group_id": "ff72924a105c238f0222b0b616218eed9a357e09",
        "kind": "pozitiv",
        "description": "Interiér středového sálu piana nobile v Schönbornském paláci - domě čp. 365 na Malé Straně.",
        "date_label": "červen 1931",
        "start_date": "1931-06-01",
        "end_date": "1931-06-30",
        "author": "Vojta, Tomáš (1885-1934)",
        "signature": "I 9849",
        "note": "",
        "views": "21x",
        "geolocation_type": "regional.address",
        "scan_count": 1,
        "scan_previews": [
          "https://images.ahmp.cz/mrimage/ahmp_watermark/image/cz/archives/CZ-321100010/NAD-157/dao/images/0016/79660f3ec284fc5c594234d3b16ec774.jpg/nahled_maly.jpg"
        ],
        "scan_zoomify_paths": [
          "https://images.ahmp.cz/mrimage/ahmp_watermark/zoomify/cz/archives/CZ-321100010/NAD-157/dao/images/0016/79660f3ec284fc5c594234d3b16ec774.jpg"
        ]
      }
    },
    {
      "type": "Feature",
      "geometry": {
        "type": "Point",
        "coordinates": [
          14.419,
          50.07337
        ]
      },
      "properties": {
        "id": "540898D7E44211E4BE0074D435EEBE90",
        "group_id": "64c67f030c2bcbc1b137a9a45921a6da42683526",
        "kind": "pozitiv",
        "description": "Interiér \"Faustova domu\" (dům čp. 502 na Novém Městě) - poškozeném po náletu spojenců v únoru 1945.",
        "date_label": "14.2.1945",
        "start_date": "1945-02-14",
        "end_date": "1945-02-14",
        "author": "",
        "signature": "I 11190",
        "note": "",
        "views": "44x",
        "geolocation_type": "regional.address",
        "scan_count": 1,
        "scan_previews": [
          "https://images.ahmp.cz/mrimage/ahmp_watermark/image/cz/archives/CZ-321100010/NAD-157/dao/images/0023/87d2fede14942b122f50764255234de4.jpg/nahled_maly.jpg"
        ],
        "scan_zoomify_paths": [
          "https://images.ahmp.cz/mrimage/ahmp_watermark/zoomify/cz/archives/CZ-321100010/NAD-157/dao/images/0023/87d2fede14942b122f50764255234de4.jpg"
        ]
      }
    },
    {
      "type": "Feature",
      "geometry": {
        "type": "Point",
        "coordinates": [
          14.42009,
          50.087
        ]
      },
      "properties": {
        "id": "054A013B90BE11E8B3B474D435EEBE90",
        "group_id": "c6ba06ec392a45543cdd1c2bbe7703ac8a9eba32",
        "kind": "negativ",
        "description": "Pohled na portál a orloj Staroměstské radnice (dům čp. 1 na Starém Městě) na Staroměstském náměstí.",
        "date_label": "",
        "start_date": "",
        "end_date": "",
        "author": "Reach, Zikmund (1859-1935)",
        "signature": "X 1037",
        "note": "",
        "views": "27x",
        "geolocation_type": "regional.address",
        "scan_count": 1,
        "scan_previews": [
          "https://images.ahmp.cz/mrimage/ahmp_watermark/image/cz/archives/CZ-321100010/NAD-157/dao/images/0024/b5fa3c3babc62421912ae6c29dfc323f.jpg/nahled_maly.jpg"
        ],
        "scan_zoomify_paths": [
          "https://images.ahmp.cz/mrimage/ahmp_watermark/zoomify/cz/archives/CZ-321100010/NAD-157/dao/images/0024/b5fa3c3babc62421912ae6c29dfc323f.jpg"
        ]
      }
    },
    {
      "type": "Feature",
      "geometry": {
        "type": "Point",
        "coordinates": [
          14.43872,
          50.09489
        ]
      },
      "properties": {
        "id": "0F407B3F4F2D11E6A549000C76270B94",
        "group_id": "2548b2352fa0d50adb8f94166b528c4ea7ef5d75",
        "kind": "pozitiv",
        "description": "Pohled na rozestavěná vrata plavební komory u ostrova Štvanice. V pozadí Negrelliho viadukt.",
        "date_label": "16.10.1909",
        "start_date": "1909-10-16",
        "end_date": "1909-10-16",
        "author": "",
        "signature": "I 11718",
        "note": "",
        "views": "92x",
        "geolocation_type": "poi",
        "scan_count": 1,
        "scan_previews": [
          "https://images.ahmp.cz/mrimage/ahmp_watermark/image/cz/archives/CZ-321100010/NAD-157/dao/images/0023/213982943747bffeb1e58fd77cd726e9.jpg/nahled_maly.jpg"
        ],
        "scan_zoomify_paths": [
          "https://images.ahmp.cz/mrimage/ahmp_watermark/zoomify/cz/archives/CZ-321100010/NAD-157/dao/images/0023/213982943747bffeb1e58fd77cd726e9.jpg"
        ]
      }
    },
    {
      "type": "Feature",
      "geometry": {
        "type": "Point",
        "coordinates": [
          14.41779,
          50.08642
        ]
      },
      "properties": {
        "id": "0BD2F5895A4711E7A69B406186009F3A",
        "group_id": "92aeebfd83769b2519bcb03b70e99b427e150403",
        "kind": "pozitiv",
        "description": "Pohled na západní průčelí Clam-Gallasova paláce (dům čp. 158) v Husově ulici na Starém Městě.",
        "date_label": "",
        "start_date": "",
        "end_date": "",
        "author": "",
        "signature": "I 12113",
        "note": "",
        "views": "33x",
        "geolocation_type": "regional.address",
        "scan_count": 1,
        "scan_previews": [
          "https://images.ahmp.cz/mrimage/ahmp_watermark/image/cz/archives/CZ-321100010/NAD-157/dao/images/0024/060bb8372024ade8b4c64086703d586a.jpg/nahled_maly.jpg"
        ],
        "scan_zoomify_paths": [
          "https://images.ahmp.cz/mrimage/ahmp_watermark/zoomify/cz/archives/CZ-321100010/NAD-157/dao/images/0024/060bb8372024ade8b4c64086703d586a.jpg"
        ]
      }
    },
    {
      "type": "Feature",
      "geometry": {
        "type": "Point",
        "coordinates": [
          14.42467,
          50.09262
        ]
      },
      "properties": {
        "id": "035E22D3A59811EABE1D74D435EEBE90",
        "group_id": "bf3e1d6e5aa86e3daa0daf1c41a34a61a5182803",
        "kind": "negativ",
        "description": "Pohled do Klášterské ulice (dnes Malá Klášterní) na Starém Městě. Vpravo přízemní dům čp. 832 při klášteru sv. Anežky (dům čp. 811). V pozadí část kostela sv. Františka v areálu Anežského kláštera.",
        "date_label": "1908",
        "start_date": "1908-01-01",
        "end_date": "1908-12-31",
        "author": "Klíma, Alois, Ing. (1873-1955)",
        "signature": "X 399",
        "note": "",
        "views": "11x",
        "geolocation_type": "regional.street",
        "scan_count": 1,
        "scan_previews": [
          "https://images.ahmp.cz/mrimage/ahmp_watermark/image/cz/archives/CZ-321100010/NAD-157/dao/images/0025/0749ce53f0174ee0535354ffd748aff7.jpg/nahled_maly.jpg"
        ],
        "scan_zoomify_paths": [
          "https://images.ahmp.cz/mrimage/ahmp_watermark/zoomify/cz/archives/CZ-321100010/NAD-157/dao/images/0025/0749ce53f0174ee0535354ffd748aff7.jpg"
        ]
      }
    },
    {
      "type": "Feature",
      "geometry": {
        "type": "Point",
        "coordinates": [
          14.38417,
          50.10141
        ]
      },
      "properties": {
        "id": "64C3091E7F8811E4A56A406186009F3A",
        "group_id": "fa2cd1003c4ca5574a86392b22bc44ce7c81b1b7",
        "kind": "pozitiv",
        "description": "Pohled na usedlost Mydlářka (čp. 12) v ulici Na Vlčovce v Dejvicích.",
        "date_label": "březen 1959",
        "start_date": "1959-03-01",
        "end_date": "1959-03-31",
        "author": "Hnilička, Eduard (1887-1967)",
        "signature": "I 11086",
        "note": "",
        "views": "59x",
        "geolocation_type": "regional.address",
        "scan_count": 1,
        "scan_previews": [
          "https://images.ahmp.cz/mrimage/ahmp_watermark/image/cz/archives/CZ-321100010/NAD-157/dao/images/0016/a5143eb3014dfa4693ae83589f4c4805.jpg/nahled_maly.jpg"
        ],
        "scan_zoomify_paths": [
          "https://images.ahmp.cz/mrimage/ahmp_watermark/zoomify/cz/archives/CZ-321100010/NAD-157/dao/images/0016/a5143eb3014dfa4693ae83589f4c4805.jpg"
        ]
      }
    },
    {
      "type": "Feature",
      "geometry": {
        "type": "Point",
        "coordinates": [
          14.43076,
          50.09537
        ]
      },
      "properties": {
        "id": "5711DA3BF74711E5A524000C76270B94",
        "group_id": "6639185aabf52072c524783c3f0241641c6fb0e7",
        "kind": "pozitiv",
        "description": "Pohled na novostavbu Helmovského jezu za špičky ostrova Štvanice.",
        "date_label": "13.9.1909",
        "start_date": "1909-09-13",
        "end_date": "1909-09-13",
        "author": "",
        "signature": "I 11637",
        "note": "",
        "views": "47x",
        "geolocation_type": "poi",
        "scan_count": 1,
        "scan_previews": [
          "https://images.ahmp.cz/mrimage/ahmp_watermark/image/cz/archives/CZ-321100010/NAD-157/dao/images/0023/fa4f909a9bd1caa9a137018bc591775b.jpg/nahled_maly.jpg"
        ],
        "scan_zoomify_paths": [
          "https://images.ahmp.cz/mrimage/ahmp_watermark/zoomify/cz/archives/CZ-321100010/NAD-157/dao/images/0023/fa4f909a9bd1caa9a137018bc591775b.jpg"
        ]
      }
    },
    {
      "type": "Feature",
      "geometry": {
        "type": "Point",
        "coordinates": [
          14.40355,
          50.04138
        ]
      },
      "properties": {
        "id": "1380238BB99511E3A934406186009F3A",
        "group_id": "c7346e1d65a7de24413b67e7b87d16d0074dead0",
        "kind": "pozitiv",
        "description": "Pohled z Barrandovské skály do Prokopského údolí s železničním viaduktem Buštěhradské dráhy, s částí vesnice Hlubočepy. V pozadí vlevo kostel sv. Prokopa. Nad skalami se prostírají pláně dnešního území Radlic. Součást panoramatu.",
        "date_label": "4.4.1926",
        "start_date": "1926-04-04",
        "end_date": "1926-04-04",
        "author": "Alexander, Antonín (1892-působnost do 1948)",
        "signature": "I 9917",
        "note": "",
        "views": "151x",
        "geolocation_type": "regional.address",
        "scan_count": 1,
        "scan_previews": [
          "https://images.ahmp.cz/mrimage/ahmp_watermark/image/cz/archives/CZ-321100010/NAD-157/dao/images/0016/0d41fb6a6d7e9c92702c65e9f5cdda47.jpg/nahled_maly.jpg"
        ],
        "scan_zoomify_paths": [
          "https://images.ahmp.cz/mrimage/ahmp_watermark/zoomify/cz/archives/CZ-321100010/NAD-157/dao/images/0016/0d41fb6a6d7e9c92702c65e9f5cdda47.jpg"
        ]
      }
    },
    {
      "type": "Feature",
      "geometry": {
        "type": "Point",
        "coordinates": [
          14.40597,
          50.03164
        ]
      },
      "properties": {
        "id": "0B6BC6DAB5C411E3B6F7D4BED94BB14D",
        "group_id": "b67bcce2c902da8475aa240911c32b79e734801c",
        "kind": "pozitiv",
        "description": "Pohled ze Zbraslavské silnice nad železniční tratí. V popředí Vltava, za řekou Braník s ledárnou (dům čp. 238 v Braníku) a loděnicí vodních turistů KČST. Součást panoramatu.",
        "date_label": "15.6.1927",
        "start_date": "1927-06-15",
        "end_date": "1927-06-15",
        "author": "Alexander, Antonín (1892-působnost do 1948)",
        "signature": "I 9928",
        "note": "",
        "views": "66x",
        "geolocation_type": "regional.address",
        "scan_count": 1,
        "scan_previews": [
          "https://images.ahmp.cz/mrimage/ahmp_watermark/image/cz/archives/CZ-321100010/NAD-157/dao/images/0016/240a1f0540fc9ebb86b3ea6943e8c531.jpg/nahled_maly.jpg"
        ],
        "scan_zoomify_paths": [
          "https://images.ahmp.cz/mrimage/ahmp_watermark/zoomify/cz/archives/CZ-321100010/NAD-157/dao/images/0016/240a1f0540fc9ebb86b3ea6943e8c531.jpg"
        ]
      }
    },
    {
      "type": "Feature",
      "geometry": {
        "type": "Point",
        "coordinates": [
          14.36526,
          50.08915
        ]
      },
      "properties": {
        "id": "09A9BA15BA9E11E5A77074D435EEBE90",
        "group_id": "fbba0997b8d3ddfd0d74525f709c27d51b104507",
        "kind": "pozitiv",
        "description": "Pohled do Bělohorské ulice s domem čp. 205 v Břevnově při bourání staré zástavby.",
        "date_label": "po 1950",
        "start_date": "1951-01-01",
        "end_date": "2000-12-31",
        "author": "",
        "signature": "I 11396",
        "note": "",
        "views": "52x",
        "geolocation_type": "regional.address",
        "scan_count": 1,
        "scan_previews": [
          "https://images.ahmp.cz/mrimage/ahmp_watermark/image/cz/archives/CZ-321100010/NAD-157/dao/images/0016/f10fd92c847875f647ff883f2ecce84d.jpg/nahled_maly.jpg"
        ],
        "scan_zoomify_paths": [
          "https://images.ahmp.cz/mrimage/ahmp_watermark/zoomify/cz/archives/CZ-321100010/NAD-157/dao/images/0016/f10fd92c847875f647ff883f2ecce84d.jpg"
        ]
      }
    },
    {
      "type": "Feature",
      "geometry": {
        "type": "Point",
        "coordinates": [
          14.44983,
          50.01797
        ]
      },
      "properties": {
        "id": "04BEA219217011E9977174D435EEBE90",
        "group_id": "3156cc8491a26b29cf616d1ac958841d3a5ad594",
        "kind": "pozitiv",
        "description": "Celkový pohled na hlavní obytnou budovu statku čp. 101 (Nové Dvory) v ulici U Nového dvora (dnes Durychova) ve Lhotce při bourání. V popředí rybník.",
        "date_label": "1958",
        "start_date": "1958-01-01",
        "end_date": "1958-12-31",
        "author": "Hnilička, Eduard (1887-1967)",
        "signature": "I 12442",
        "note": "",
        "views": "52x",
        "geolocation_type": "regional.address",
        "scan_count": 1,
        "scan_previews": [
          "https://images.ahmp.cz/mrimage/ahmp_watermark/image/cz/archives/CZ-321100010/NAD-157/dao/images/0025/7af43f9419f388b453bc04553902fb88.jpg/nahled_maly.jpg"
        ],
        "scan_zoomify_paths": [
          "https://images.ahmp.cz/mrimage/ahmp_watermark/zoomify/cz/archives/CZ-321100010/NAD-157/dao/images/0025/7af43f9419f388b453bc04553902fb88.jpg"
        ]
      }
    },
    {
      "type": "Feature",
      "geometry": {
        "type": "Point",
        "coordinates": [
          14.44983,
          50.01797
        ]
      },
      "properties": {
        "id": "04BEA21A217011E9977174D435EEBE90",
        "group_id": "3156cc8491a26b29cf616d1ac958841d3a5ad594",
        "kind": "pozitiv",
        "description": "Celkový pohled na hlavní obytnou budovu statku čp. 101 (Nové Dvory) v ulici U Nového dvora (dnes Durychova) ve Lhotce při bourání. V popředí rybník.",
        "date_label": "1958",
        "start_date": "1958-01-01",
        "end_date": "1958-12-31",
        "author": "Hnilička, Eduard (1887-1967)",
        "signature": "I 12443",
        "note": "",
        "views": "48x",
        "geolocation_type": "regional.address",
        "scan_count": 1,
        "scan_previews": [
          "https://images.ahmp.cz/mrimage/ahmp_watermark/image/cz/archives/CZ-321100010/NAD-157/dao/images/0025/2a5cec33532523477043663980a109c0.jpg/nahled_maly.jpg"
        ],
        "scan_zoomify_paths": [
          "https://images.ahmp.cz/mrimage/ahmp_watermark/zoomify/cz/archives/CZ-321100010/NAD-157/dao/images/0025/2a5cec33532523477043663980a109c0.jpg"
        ]
      }
    },
    {
      "type": "Feature",
      "geometry": {
        "type": "Point",
        "coordinates": [
          14.40739,
          50.08615
        ]
      },
      "properties": {
        "id": "01C46EEB04FC11E3A4F66C626D41E503",
        "group_id": "59c8ea928fd4b3fcf5cbc2b40e7d3185f3449f18",
        "kind": "pozitiv",
        "description": "Pohled na dům čp. 490 (palác Metychů z Čečova - Hrzánský) na Velkopřevorském náměstí na Malé Straně v zimě.",
        "date_label": "kol.1920",
        "start_date": "1920-01-01",
        "end_date": "1920-12-31",
        "author": "Rázek, Antonín",
        "signature": "I 9748",
        "note": "",
        "views": "28x",
        "geolocation_type": "regional.address",
        "scan_count": 1,
        "scan_previews": [
          "https://images.ahmp.cz/mrimage/ahmp_watermark/image/cz/archives/CZ-321100010/NAD-157/dao/images/0022/62a642f0ec2c332d2dc0b6922232d6d0.jpg/nahled_maly.jpg"
        ],
        "scan_zoomify_paths": [
          "https://images.ahmp.cz/mrimage/ahmp_watermark/zoomify/cz/archives/CZ-321100010/NAD-157/dao/images/0022/62a642f0ec2c332d2dc0b6922232d6d0.jpg"
        ]
      }
    },
    {
      "type": "Feature",
      "geometry": {
        "type": "Point",
        "coordinates": [
          14.43872,
          50.09489
        ]
      },
      "properties": {
        "id": "0A55E1C64FFF11E6A54A000C76270B94",
        "group_id": "83c9d99263853fba7fd7da54770b85239dd35578",
        "kind": "pozitiv",
        "description": "Pohled na stavbu plavební komory u ostrova Štvanice. V pozadí Negrelliho viadukt.",
        "date_label": "13.10.1908",
        "start_date": "1908-10-13",
        "end_date": "1908-10-13",
        "author": "",
        "signature": "I 11735",
        "note": "",
        "views": "90x",
        "geolocation_type": "poi",
        "scan_count": 1,
        "scan_previews": [
          "https://images.ahmp.cz/mrimage/ahmp_watermark/image/cz/archives/CZ-321100010/NAD-157/dao/images/0023/8bff4c0f86e5150dfca93d40819d0c5c.jpg/nahled_maly.jpg"
        ],
        "scan_zoomify_paths": [
          "https://images.ahmp.cz/mrimage/ahmp_watermark/zoomify/cz/archives/CZ-321100010/NAD-157/dao/images/0023/8bff4c0f86e5150dfca93d40819d0c5c.jpg"
        ]
      }
    },
    {
      "type": "Feature",
      "geometry": {
        "type": "Point",
        "coordinates": [
          14.40131,
          50.08733
        ]
      },
      "properties": {
        "id": "5F168D5A79E211E3B274406186009F3A",
        "group_id": "6228649108ca4c01429c66aa4921468b17b545ec",
        "kind": "pozitiv",
        "description": "Pohled na vrcholně barokní štukovou výzdobu stropu Schönbornského paláce - domu čp. 365 na Malé Straně - detail.",
        "date_label": "červen 1931",
        "start_date": "1931-06-01",
        "end_date": "1931-06-30",
        "author": "Vojta, Tomáš (1885-1934)",
        "signature": "I 9846",
        "note": "",
        "views": "20x",
        "geolocation_type": "regional.address",
        "scan_count": 1,
        "scan_previews": [
          "https://images.ahmp.cz/mrimage/ahmp_watermark/image/cz/archives/CZ-321100010/NAD-157/dao/images/0016/73cf0d3252ab47d0674dfcc8ba996f7d.jpg/nahled_maly.jpg"
        ],
        "scan_zoomify_paths": [
          "https://images.ahmp.cz/mrimage/ahmp_watermark/zoomify/cz/archives/CZ-321100010/NAD-157/dao/images/0016/73cf0d3252ab47d0674dfcc8ba996f7d.jpg"
        ]
      }
    },
    {
      "type": "Feature",
      "geometry": {
        "type": "Point",
        "coordinates": [
          14.40739,
          50.08615
        ]
      },
      "properties": {
        "id": "5A80479F05B711E389696C626D41E503",
        "group_id": "d5def9e88296290a278082b8e5cf5f23be49952b",
        "kind": "pozitiv",
        "description": "Pohled na dům čp. 490 (palác Metychů z Čečova - Hrzánský) na Velkopřevorském náměstí na Malé Straně s renesančním portálem.",
        "date_label": "1925",
        "start_date": "1925-01-01",
        "end_date": "1925-12-31",
        "author": "Vojta, Tomáš (1885-1934)",
        "signature": "I 9759",
        "note": "",
        "views": "31x",
        "geolocation_type": "regional.address",
        "scan_count": 1,
        "scan_previews": [
          "https://images.ahmp.cz/mrimage/ahmp_watermark/image/cz/archives/CZ-321100010/NAD-157/dao/images/0022/2c478b2a1e6613a4abcae07beff85820.jpg/nahled_maly.jpg"
        ],
        "scan_zoomify_paths": [
          "https://images.ahmp.cz/mrimage/ahmp_watermark/zoomify/cz/archives/CZ-321100010/NAD-157/dao/images/0022/2c478b2a1e6613a4abcae07beff85820.jpg"
        ]
      }
    },
    {
      "type": "Feature",
      "geometry": {
        "type": "Point",
        "coordinates": [
          14.40258,
          50.02336
        ]
      },
      "properties": {
        "id": "59DE09D5D19811E69F29406186009F3A",
        "group_id": "a7fbae20954000f4588729a8e100da0726f86e03",
        "kind": "pozitiv",
        "description": "Pohled na dům čp. 7 v ulici V Náklích v Hodkovičkách.",
        "date_label": "1958",
        "start_date": "1958-01-01",
        "end_date": "1958-12-31",
        "author": "",
        "signature": "I 12159",
        "note": "",
        "views": "29x",
        "geolocation_type": "regional.address",
        "scan_count": 0,
        "scan_previews": [],
        "scan_zoomify_paths": []
      }
    },
    {
      "type": "Feature",
      "geometry": {
        "type": "Point",
        "coordinates": [
          14.44021,
          50.09583
        ]
      },
      "properties": {
        "id": "50908A04647611E6A554000C76270B94",
        "group_id": "30a4ad277107548ce3095e5d32ddadd3b643ec42",
        "kind": "pozitiv",
        "description": "Pohled na stavbu horního ohlaví plavebních komor u ostrova Štvanice pod nedokončenou železnou částí Hlávkova mostu.",
        "date_label": "5.10.1909",
        "start_date": "1909-10-05",
        "end_date": "1909-10-05",
        "author": "",
        "signature": "I 11860",
        "note": "",
        "views": "39x",
        "geolocation_type": "regional.address",
        "scan_count": 1,
        "scan_previews": [
          "https://images.ahmp.cz/mrimage/ahmp_watermark/image/cz/archives/CZ-321100010/NAD-157/dao/images/0023/512dc10022e05465aabfe8e6c87aa3ac.jpg/nahled_maly.jpg"
        ],
        "scan_zoomify_paths": [
          "https://images.ahmp.cz/mrimage/ahmp_watermark/zoomify/cz/archives/CZ-321100010/NAD-157/dao/images/0023/512dc10022e05465aabfe8e6c87aa3ac.jpg"
        ]
      }
    },
    {
      "type": "Feature",
      "geometry": {
        "type": "Point",
        "coordinates": [
          14.40131,
          50.08733
        ]
      },
      "properties": {
        "id": "569601287D3811E3BE26406186009F3A",
        "group_id": "9529615bb510b12604e9c1476acb23ae514f30de",
        "kind": "pozitiv",
        "description": "Exteriér zahradního pavilonu Schönbornského paláce - domu čp. 365 na Malé Straně. Detail vstupu do salonku prvního patra.",
        "date_label": "červen 1931",
        "start_date": "1931-06-01",
        "end_date": "1931-06-30",
        "author": "Vojta, Tomáš (1885-1934)",
        "signature": "I 9881",
        "note": "",
        "views": "22x",
        "geolocation_type": "regional.address",
        "scan_count": 1,
        "scan_previews": [
          "https://images.ahmp.cz/mrimage/ahmp_watermark/image/cz/archives/CZ-321100010/NAD-157/dao/images/0016/4c9a642839aa9182a135851665a36f2c.jpg/nahled_maly.jpg"
        ],
        "scan_zoomify_paths": [
          "https://images.ahmp.cz/mrimage/ahmp_watermark/zoomify/cz/archives/CZ-321100010/NAD-157/dao/images/0016/4c9a642839aa9182a135851665a36f2c.jpg"
        ]
      }
    },
    {
      "type": "Feature",
      "geometry": {
        "type": "Point",
        "coordinates": [
          14.39148,
          50.07167
        ]
      },
      "properties": {
        "id": "13E83E2C2FC311E5A57D74D435EEBE90",
        "group_id": "eb5210ce449f6dc57a697a870bfeb58aa5eb9887",
        "kind": "pozitiv",
        "description": "Pohled na hroby při nově vystavené (oproti původní posunuté) zdi Malostranského hřbitova na Smíchově - při Plzeňské ulici.",
        "date_label": "28.9.1928",
        "start_date": "1928-09-28",
        "end_date": "1928-09-28",
        "author": "Alexander, Antonín (1892-působnost do 1948)",
        "signature": "I 11287",
        "note": "",
        "views": "75x",
        "geolocation_type": "poi",
        "scan_count": 1,
        "scan_previews": [
          "https://images.ahmp.cz/mrimage/ahmp_watermark/image/cz/archives/CZ-321100010/NAD-157/dao/images/0023/5073c226355a68034e7ce47d5fe665a5.jpg/nahled_maly.jpg"
        ],
        "scan_zoomify_paths": [
          "https://images.ahmp.cz/mrimage/ahmp_watermark/zoomify/cz/archives/CZ-321100010/NAD-157/dao/images/0023/5073c226355a68034e7ce47d5fe665a5.jpg"
        ]
      }
    },
    {
      "type": "Feature",
      "geometry": {
        "type": "Point",
        "coordinates": [
          14.44357,
          50.14932
        ]
      },
      "properties": {
        "id": "1440F0DCDD1411E480FB74D435EEBE90",
        "group_id": "801acd688df7c86d132a4f105b41b77eff64ee7f",
        "kind": "pozitiv",
        "description": "Pohled na statek čp. 15 v Dolních Chabrech z Bíleneckého náměstí.",
        "date_label": "1968",
        "start_date": "1968-01-01",
        "end_date": "1968-12-31",
        "author": "Vopravil, Josef (1902-1972)",
        "signature": "I 11176",
        "note": "",
        "views": "48x",
        "geolocation_type": "regional.address",
        "scan_count": 1,
        "scan_previews": [
          "https://images.ahmp.cz/mrimage/ahmp_watermark/image/cz/archives/CZ-321100010/NAD-157/dao/images/0023/4948913c1610f20ac2c69848ead8e96b.jpg/nahled_maly.jpg"
        ],
        "scan_zoomify_paths": [
          "https://images.ahmp.cz/mrimage/ahmp_watermark/zoomify/cz/archives/CZ-321100010/NAD-157/dao/images/0023/4948913c1610f20ac2c69848ead8e96b.jpg"
        ]
      }
    },
    {
      "type": "Feature",
      "geometry": {
        "type": "Point",
        "coordinates": [
          14.4039,
          50.08553
        ]
      },
      "properties": {
        "id": "5A93671E432C11E489DAD4BED94BB14D",
        "group_id": "e51161e5318fe1f6116b8e88ef8d07f54c650189",
        "kind": "negativ",
        "description": "Reprodukce nákresu kostela P. Marie Vítězné v Karmelitské ulici na Malé Straně - jižní strana.",
        "date_label": "28.8.1911",
        "start_date": "1911-08-28",
        "end_date": "1911-08-28",
        "author": "Eckert-ateliér",
        "signature": "X 8380 a",
        "note": "",
        "views": "21x",
        "geolocation_type": "regional.address",
        "scan_count": 1,
        "scan_previews": [
          "https://images.ahmp.cz/mrimage/ahmp_watermark/image/cz/archives/CZ-321100010/NAD-157/dao/images/0023/c8daa2a92ff7d96418fda6048fae72ac.jpg/nahled_maly.jpg"
        ],
        "scan_zoomify_paths": [
          "https://images.ahmp.cz/mrimage/ahmp_watermark/zoomify/cz/archives/CZ-321100010/NAD-157/dao/images/0023/c8daa2a92ff7d96418fda6048fae72ac.jpg"
        ]
      }
    },
    {
      "type": "Feature",
      "geometry": {
        "type": "Point",
        "coordinates": [
          14.4032,
          50.08835
        ]
      },
      "properties": {
        "id": "507BDDB617D911E891E8406186009F3A",
        "group_id": "7d8d4da4f58c272e09733f8b0b7353b421ef0ab9",
        "kind": "pozitiv",
        "description": "Pohled na osvětlený kostel na Malé Straně při příležitosti 10. výročí samostatnosti Československé republiky.",
        "date_label": "28.10.1928",
        "start_date": "1928-10-28",
        "end_date": "1928-10-28",
        "author": "Vopravil, Josef (1902-1972)",
        "signature": "I 12056",
        "note": "Autorství J. Vopravila není jisté.",
        "views": "35x",
        "geolocation_type": "regional.address",
        "scan_count": 1,
        "scan_previews": [
          "https://images.ahmp.cz/mrimage/ahmp_watermark/image/cz/archives/CZ-321100010/NAD-157/dao/images/0024/d7a3c2400b5366d6cd77ccfd051c8cd3.jpg/nahled_maly.jpg"
        ],
        "scan_zoomify_paths": [
          "https://images.ahmp.cz/mrimage/ahmp_watermark/zoomify/cz/archives/CZ-321100010/NAD-157/dao/images/0024/d7a3c2400b5366d6cd77ccfd051c8cd3.jpg"
        ]
      }
    },
    {
      "type": "Feature",
      "geometry": {
        "type": "Point",
        "coordinates": [
          14.40406,
          50.07372
        ]
      },
      "properties": {
        "id": "4CDCB69617DC11E891E8406186009F3A",
        "group_id": "683c009a96a8507cf5e16f1beb44cc46f865701f",
        "kind": "pozitiv",
        "description": "Pohled na osvětlený kostel sv. Václava na Smíchově při příležitosti 10. výročí samostatnosti Československé republiky.",
        "date_label": "28.10.1928",
        "start_date": "1928-10-28",
        "end_date": "1928-10-28",
        "author": "Vopravil, Josef (1902-1972)",
        "signature": "I 12073",
        "note": "",
        "views": "63x",
        "geolocation_type": "regional.address",
        "scan_count": 1,
        "scan_previews": [
          "https://images.ahmp.cz/mrimage/ahmp_watermark/image/cz/archives/CZ-321100010/NAD-157/dao/images/0024/3c78c9e509c7c2375dea3ddbc1c0067b.jpg/nahled_maly.jpg"
        ],
        "scan_zoomify_paths": [
          "https://images.ahmp.cz/mrimage/ahmp_watermark/zoomify/cz/archives/CZ-321100010/NAD-157/dao/images/0024/3c78c9e509c7c2375dea3ddbc1c0067b.jpg"
        ]
      }
    },
    {
      "type": "Feature",
      "geometry": {
        "type": "Point",
        "coordinates": [
          14.34502,
          50.08426
        ]
      },
      "properties": {
        "id": "0D5980F5BEB611E5ACAB74D435EEBE90",
        "group_id": "b5245fa5802eef2329e8d78bbec1b46730b1ca7c",
        "kind": "pozitiv",
        "description": "Pohled na rozestavěné rodinné domy v Zeyerově aleji v Břevnově na Petřinách.",
        "date_label": "1948",
        "start_date": "1948-01-01",
        "end_date": "1948-12-31",
        "author": "ČTK",
        "signature": "I 11406",
        "note": "",
        "views": "74x",
        "geolocation_type": "regional.address",
        "scan_count": 1,
        "scan_previews": [
          "https://images.ahmp.cz/mrimage/ahmp_watermark/image/cz/archives/CZ-321100010/NAD-157/dao/images/0016/9a5bc63a7c5a1476dee3921930f00091.jpg/nahled_maly.jpg"
        ],
        "scan_zoomify_paths": [
          "https://images.ahmp.cz/mrimage/ahmp_watermark/zoomify/cz/archives/CZ-321100010/NAD-157/dao/images/0016/9a5bc63a7c5a1476dee3921930f00091.jpg"
        ]
      }
    },
    {
      "type": "Feature",
      "geometry": {
        "type": "Point",
        "coordinates": [
          14.43076,
          50.09537
        ]
      },
      "properties": {
        "id": "4FEC1325648611E6A554000C76270B94",
        "group_id": "a735b46c28675de6470d1825d0416b5b5de71954",
        "kind": "pozitiv",
        "description": "Pohled na stavbu jamky uprostřed nového Helmovského jezu.",
        "date_label": "16.10.1909",
        "start_date": "1909-10-16",
        "end_date": "1909-10-16",
        "author": "",
        "signature": "I 11866",
        "note": "",
        "views": "14x",
        "geolocation_type": "poi",
        "scan_count": 1,
        "scan_previews": [
          "https://images.ahmp.cz/mrimage/ahmp_watermark/image/cz/archives/CZ-321100010/NAD-157/dao/images/0023/377ee734fc7dbff9f33d26bba9022ba8.jpg/nahled_maly.jpg"
        ],
        "scan_zoomify_paths": [
          "https://images.ahmp.cz/mrimage/ahmp_watermark/zoomify/cz/archives/CZ-321100010/NAD-157/dao/images/0023/377ee734fc7dbff9f33d26bba9022ba8.jpg"
        ]
      }
    },
    {
      "type": "Feature",
      "geometry": {
        "type": "Point",
        "coordinates": [
          14.4802,
          50.05583
        ]
      },
      "properties": {
        "id": "06CEA82E26D611E4B68A406186009F3A",
        "group_id": "ab070588bbf1059edf9bbd99fda15c6eff2dde61",
        "kind": "pozitiv",
        "description": "Panoramatický pohled na Záběhlice. V pozadí Spořilov. Třetí část pětidílného panoramatu od východu, přes jih (Spořilov) k západu (Bohdalec).",
        "date_label": "30.6.1929",
        "start_date": "1929-06-30",
        "end_date": "1929-06-30",
        "author": "Alexander, Antonín (1892-působnost do 1948)",
        "signature": "I 11018",
        "note": "",
        "views": "127x",
        "geolocation_type": "regional.address",
        "scan_count": 1,
        "scan_previews": [
          "https://images.ahmp.cz/mrimage/ahmp_watermark/image/cz/archives/CZ-321100010/NAD-157/dao/images/0016/19fb0706a4f92b9f6034c210aad8c2c7.jpg/nahled_maly.jpg"
        ],
        "scan_zoomify_paths": [
          "https://images.ahmp.cz/mrimage/ahmp_watermark/zoomify/cz/archives/CZ-321100010/NAD-157/dao/images/0016/19fb0706a4f92b9f6034c210aad8c2c7.jpg"
        ]
      }
    },
    {
      "type": "Feature",
      "geometry": {
        "type": "Point",
        "coordinates": [
          14.40131,
          50.08733
        ]
      },
      "properties": {
        "id": "56FE0D8079F811E3B274406186009F3A",
        "group_id": "f02a900ba2a2831d368138a664d801dff2a85484",
        "kind": "pozitiv",
        "description": "Kamna v Schönbornském paláci - domě čp. 365 na Malé Straně.",
        "date_label": "červen 1931",
        "start_date": "1931-06-01",
        "end_date": "1931-06-30",
        "author": "Vojta, Tomáš (1885-1934)",
        "signature": "I 9853",
        "note": "",
        "views": "22x",
        "geolocation_type": "regional.address",
        "scan_count": 1,
        "scan_previews": [
          "https://images.ahmp.cz/mrimage/ahmp_watermark/image/cz/archives/CZ-321100010/NAD-157/dao/images/0016/5adf530b1ce356a7846a21645ca731e6.jpg/nahled_maly.jpg"
        ],
        "scan_zoomify_paths": [
          "https://images.ahmp.cz/mrimage/ahmp_watermark/zoomify/cz/archives/CZ-321100010/NAD-157/dao/images/0016/5adf530b1ce356a7846a21645ca731e6.jpg"
        ]
      }
    },
    {
      "type": "Feature",
      "geometry": {
        "type": "Point",
        "coordinates": [
          14.44021,
          50.09583
        ]
      },
      "properties": {
        "id": "51E929AE818F11E6B332406186009F3A",
        "group_id": "203b6504b279f549bad999c9f27f137dc8327090",
        "kind": "pozitiv",
        "description": "Pohled na dům mýtného na ostrově Štvanice (čp. 859 v Holešovicích). V pozadí restaurace (dům čp. 859 v Holešovicích).",
        "date_label": "7.10.1908",
        "start_date": "1908-10-07",
        "end_date": "1908-10-07",
        "author": "",
        "signature": "I 11885",
        "note": "",
        "views": "45x",
        "geolocation_type": "regional.address",
        "scan_count": 1,
        "scan_previews": [
          "https://images.ahmp.cz/mrimage/ahmp_watermark/image/cz/archives/CZ-321100010/NAD-157/dao/images/0023/062ae652d9a001b4978dea33bad02590.jpg/nahled_maly.jpg"
        ],
        "scan_zoomify_paths": [
          "https://images.ahmp.cz/mrimage/ahmp_watermark/zoomify/cz/archives/CZ-321100010/NAD-157/dao/images/0023/062ae652d9a001b4978dea33bad02590.jpg"
        ]
      }
    },
    {
      "type": "Feature",
      "geometry": {
        "type": "Point",
        "coordinates": [
          14.4369,
          50.09567
        ]
      },
      "properties": {
        "id": "61096746E9D711E5A51E000C76270B94",
        "group_id": "e8c671b364056a57dc37d45157bcdce719e27594",
        "kind": "pozitiv",
        "description": "Pohled na odlehčující propust nového Helmovského jezu během velké vody. V pozadí provizorní dřevěný most (Hlávkův).",
        "date_label": "23.3.1909",
        "start_date": "1909-03-23",
        "end_date": "1909-03-23",
        "author": "",
        "signature": "I 11594",
        "note": "",
        "views": "85x",
        "geolocation_type": "regional.street",
        "scan_count": 1,
        "scan_previews": [
          "https://images.ahmp.cz/mrimage/ahmp_watermark/image/cz/archives/CZ-321100010/NAD-157/dao/images/0023/8a9d833affb9e0fc206173edcfe00b9d.jpg/nahled_maly.jpg"
        ],
        "scan_zoomify_paths": [
          "https://images.ahmp.cz/mrimage/ahmp_watermark/zoomify/cz/archives/CZ-321100010/NAD-157/dao/images/0023/8a9d833affb9e0fc206173edcfe00b9d.jpg"
        ]
      }
    },
    {
      "type": "Feature",
      "geometry": {
        "type": "Point",
        "coordinates": [
          14.47686,
          50.14243
        ]
      },
      "properties": {
        "id": "0CA53C74982211E5A73974D435EEBE90",
        "group_id": "a7488243f1581e75405e52e29118931dc6299c01",
        "kind": "pozitiv",
        "description": "Pohled na fotbalové hřiště Dynamo v Ďáblicích.",
        "date_label": "1975",
        "start_date": "1975-01-01",
        "end_date": "1975-12-31",
        "author": "Jelínková, Jana (1951-)",
        "signature": "I 11371",
        "note": "",
        "views": "71x",
        "geolocation_type": "regional.address",
        "scan_count": 1,
        "scan_previews": [
          "https://images.ahmp.cz/mrimage/ahmp_watermark/image/cz/archives/CZ-321100010/NAD-157/dao/images/0016/61f0d06bd789d13fa5e0a79ff7d6c6be.jpg/nahled_maly.jpg"
        ],
        "scan_zoomify_paths": [
          "https://images.ahmp.cz/mrimage/ahmp_watermark/zoomify/cz/archives/CZ-321100010/NAD-157/dao/images/0016/61f0d06bd789d13fa5e0a79ff7d6c6be.jpg"
        ]
      }
    },
    {
      "type": "Feature",
      "geometry": {
        "type": "Point",
        "coordinates": [
          14.38417,
          50.10141
        ]
      },
      "properties": {
        "id": "022DDEED7F8811E4A56A406186009F3A",
        "group_id": "f7b4e3108ed57ff7eb3645ed30a36a04bc013ea6",
        "kind": "pozitiv",
        "description": "Pohled na usedlost Mydlářka (čp. 12) v ulici Na Vlčovce v Dejvicích.",
        "date_label": "1958",
        "start_date": "1958-01-01",
        "end_date": "1958-12-31",
        "author": "Hnilička, Eduard (1887-1967)",
        "signature": "I 11085",
        "note": "",
        "views": "57x",
        "geolocation_type": "regional.address",
        "scan_count": 1,
        "scan_previews": [
          "https://images.ahmp.cz/mrimage/ahmp_watermark/image/cz/archives/CZ-321100010/NAD-157/dao/images/0016/4e07bc0cc44b4236a78f4fb74e6d319b.jpg/nahled_maly.jpg"
        ],
        "scan_zoomify_paths": [
          "https://images.ahmp.cz/mrimage/ahmp_watermark/zoomify/cz/archives/CZ-321100010/NAD-157/dao/images/0016/4e07bc0cc44b4236a78f4fb74e6d319b.jpg"
        ]
      }
    },
    {
      "type": "Feature",
      "geometry": {
        "type": "Point",
        "coordinates": [
          14.35747,
          50.08511
        ]
      },
      "properties": {
        "id": "5C9FE6BFB61311E58B3BD4BED94BB14D",
        "group_id": "022871f9b7c46542bec9a3bfe04530fb28bbccab",
        "kind": "pozitiv",
        "description": "Pohled do Markétské ulice s domy čp. 2 a čp. 3 v Břevnově (jižní průčelí).",
        "date_label": "3.9.1943",
        "start_date": "1943-09-03",
        "end_date": "1943-09-03",
        "author": "Alexander, Antonín (1892-působnost do 1948)",
        "signature": "I 11401",
        "note": "",
        "views": "32x",
        "geolocation_type": "regional.address",
        "scan_count": 1,
        "scan_previews": [
          "https://images.ahmp.cz/mrimage/ahmp_watermark/image/cz/archives/CZ-321100010/NAD-157/dao/images/0016/c5c4d4967ca4293d1bed0e6dcada3bd8.jpg/nahled_maly.jpg"
        ],
        "scan_zoomify_paths": [
          "https://images.ahmp.cz/mrimage/ahmp_watermark/zoomify/cz/archives/CZ-321100010/NAD-157/dao/images/0016/c5c4d4967ca4293d1bed0e6dcada3bd8.jpg"
        ]
      }
    },
    {
      "type": "Feature",
      "geometry": {
        "type": "Point",
        "coordinates": [
          14.43744,
          50.09433
        ]
      },
      "properties": {
        "id": "12572762639011E6A553000C76270B94",
        "group_id": "155f2dd632222fa79e25944c56469bfa126fd87a",
        "kind": "pozitiv",
        "description": "Pohled na stavbu plavebních komor u ostrova Štvanice. V pozadí Negrelliho viadukt.",
        "date_label": "3.6.1910",
        "start_date": "1910-06-03",
        "end_date": "1910-06-03",
        "author": "",
        "signature": "I 11831",
        "note": "",
        "views": "69x",
        "geolocation_type": "poi",
        "scan_count": 1,
        "scan_previews": [
          "https://images.ahmp.cz/mrimage/ahmp_watermark/image/cz/archives/CZ-321100010/NAD-157/dao/images/0023/791d1e6e27737cbd74ea5115db90a632.jpg/nahled_maly.jpg"
        ],
        "scan_zoomify_paths": [
          "https://images.ahmp.cz/mrimage/ahmp_watermark/zoomify/cz/archives/CZ-321100010/NAD-157/dao/images/0023/791d1e6e27737cbd74ea5115db90a632.jpg"
        ]
      }
    },
    {
      "type": "Feature",
      "geometry": {
        "type": "Point",
        "coordinates": [
          14.41925,
          50.07743
        ]
      },
      "properties": {
        "id": "15976988157311E39CC26C626D41E503",
        "group_id": "ab2700feb029ba4a4956eb25825a9933a893b355",
        "kind": "pozitiv",
        "description": "Pohled na část západní strany Karlova náměstí. Uprostřed dům čp. 287 na Novém Městě na nároží ulice Na Zbořenci.",
        "date_label": "25.5.1931",
        "start_date": "1931-05-25",
        "end_date": "1931-05-25",
        "author": "Alexander, Antonín (1892-působnost do 1948)",
        "signature": "I 9779",
        "note": "",
        "views": "75x",
        "geolocation_type": "regional.address",
        "scan_count": 1,
        "scan_previews": [
          "https://images.ahmp.cz/mrimage/ahmp_watermark/image/cz/archives/CZ-321100010/NAD-157/dao/images/0016/42bd8b89e21ca2d18f6014b04ba24ccb.jpg/nahled_maly.jpg"
        ],
        "scan_zoomify_paths": [
          "https://images.ahmp.cz/mrimage/ahmp_watermark/zoomify/cz/archives/CZ-321100010/NAD-157/dao/images/0016/42bd8b89e21ca2d18f6014b04ba24ccb.jpg"
        ]
      }
    },
    {
      "type": "Feature",
      "geometry": {
        "type": "Point",
        "coordinates": [
          14.43056,
          50.10462
        ]
      },
      "properties": {
        "id": "0D915DA59D6311E390976C626D41E503",
        "group_id": "f54198988ede84ce5ec18c9e9d7e919c20dd47f4",
        "kind": "negativ",
        "description": "Generál Maurice César Joseph Pellé a Josef Svatopluk Machar (v klobouku) při zahájení první československé mezinárodní letecké výstavy v roce 1920 na pražském výstavišti.",
        "date_label": "1920",
        "start_date": "1920-01-01",
        "end_date": "1920-12-31",
        "author": "Reach, Zikmund (1859-1935)",
        "signature": "X 1437",
        "note": "",
        "views": "66x",
        "geolocation_type": "regional.address",
        "scan_count": 1,
        "scan_previews": [
          "https://images.ahmp.cz/mrimage/ahmp_watermark/image/cz/archives/CZ-321100010/NAD-157/dao/images/0022/6d0474b4717f07811922c5129da5f2d0.jpg/nahled_maly.jpg"
        ],
        "scan_zoomify_paths": [
          "https://images.ahmp.cz/mrimage/ahmp_watermark/zoomify/cz/archives/CZ-321100010/NAD-157/dao/images/0022/6d0474b4717f07811922c5129da5f2d0.jpg"
        ]
      }
    },
    {
      "type": "Feature",
      "geometry": {
        "type": "Point",
        "coordinates": [
          14.42403,
          50.08418
        ]
      },
      "properties": {
        "id": "044204C4ED4D11E3B9F6406186009F3A",
        "group_id": "b57c561ec8c6611096e46731ec9b403b4f2a45f4",
        "kind": "pozitiv",
        "description": "Tribuna v dolní části Václavského náměstí (Můstek) 5. - 9. května 1946 při volbách.",
        "date_label": "květen 1946",
        "start_date": "1946-05-01",
        "end_date": "1946-05-31",
        "author": "",
        "signature": "I 11001",
        "note": "",
        "views": "38x",
        "geolocation_type": "regional.address",
        "scan_count": 1,
        "scan_previews": [
          "https://images.ahmp.cz/mrimage/ahmp_watermark/image/cz/archives/CZ-321100010/NAD-157/dao/images/0016/b53b1a3fa6bdce96334ae64d6c6b26cf.jpg/nahled_maly.jpg"
        ],
        "scan_zoomify_paths": [
          "https://images.ahmp.cz/mrimage/ahmp_watermark/zoomify/cz/archives/CZ-321100010/NAD-157/dao/images/0016/b53b1a3fa6bdce96334ae64d6c6b26cf.jpg"
        ]
      }
    },
    {
      "type": "Feature",
      "geometry": {
        "type": "Point",
        "coordinates": [
          14.42788,
          50.08949
        ]
      },
      "properties": {
        "id": "0FA5EF96161211E390486C626D41E503",
        "group_id": "dcd76d8ae558df202fd7f971cd580e23fdf4f35f",
        "kind": "pozitiv",
        "description": "Pohled na část prostranství po zbořeném domě čp. 655 na Starém Městě (Ústav šlechtičen) při náměstí Republiky k východu. Uprostřed základy novostavby domu čp. 655 (dům pojišťovny Kotva) na Starém Městě a zbytek sklepení. V pozadí vpravo domy na Novém Městě čp. 1078 - 1079 (kasárna Jiřího z Poděbrad - Josefská) a vlevo dům čp. 1080.",
        "date_label": "21.3.1928",
        "start_date": "1928-03-21",
        "end_date": "1928-03-21",
        "author": "Alexander, Antonín (1892-působnost do 1948)",
        "signature": "I 9801",
        "note": "",
        "views": "96x",
        "geolocation_type": "regional.address",
        "scan_count": 1,
        "scan_previews": [
          "https://images.ahmp.cz/mrimage/ahmp_watermark/image/cz/archives/CZ-321100010/NAD-157/dao/images/0016/a2edce0aac08ccfc87646111895de0c5.jpg/nahled_maly.jpg"
        ],
        "scan_zoomify_paths": [
          "https://images.ahmp.cz/mrimage/ahmp_watermark/zoomify/cz/archives/CZ-321100010/NAD-157/dao/images/0016/a2edce0aac08ccfc87646111895de0c5.jpg"
        ]
      }
    },
    {
      "type": "Feature",
      "geometry": {
        "type": "Point",
        "coordinates": [
          14.44983,
          50.01797
        ]
      },
      "properties": {
        "id": "098E28A629F111E9980E74D435EEBE90",
        "group_id": "ca23d30466763c498753f39e03c6de723c8dc492",
        "kind": "negativ",
        "description": "Pohled na hlavní obytnou budovu statku čp. 101 (Nové Dvory) v ulici U Nového dvora (dnes Durychova) ve Lhotce.",
        "date_label": "červen 1953",
        "start_date": "1953-06-01",
        "end_date": "1953-06-30",
        "author": "",
        "signature": "X 10080",
        "note": "",
        "views": "41x",
        "geolocation_type": "regional.address",
        "scan_count": 1,
        "scan_previews": [
          "https://images.ahmp.cz/mrimage/ahmp_watermark/image/cz/archives/CZ-321100010/NAD-157/dao/images/0025/bfd7cc6673fffbd50b905ca71d72cae4.jpg/nahled_maly.jpg"
        ],
        "scan_zoomify_paths": [
          "https://images.ahmp.cz/mrimage/ahmp_watermark/zoomify/cz/archives/CZ-321100010/NAD-157/dao/images/0025/bfd7cc6673fffbd50b905ca71d72cae4.jpg"
        ]
      }
    },
    {
      "type": "Feature",
      "geometry": {
        "type": "Point",
        "coordinates": [
          14.37791,
          50.09157
        ]
      },
      "properties": {
        "id": "12C1C0C4B61F11E58B3BD4BED94BB14D",
        "group_id": "800b2931a98ef422be76d85b222fae02533e8623",
        "kind": "pozitiv",
        "description": "Pohled na Břevnov - západně od strahovských lomů - 1. část panoramatu. V pozadí cihelna Na Panenské, vlevo kostel sv. Norberta ve Střešovicích.",
        "date_label": "16.5.1925",
        "start_date": "1925-05-16",
        "end_date": "1925-05-16",
        "author": "Alexander, Antonín (1892-působnost do 1948)",
        "signature": "I 11417",
        "note": "",
        "views": "100x",
        "geolocation_type": "poi",
        "scan_count": 1,
        "scan_previews": [
          "https://images.ahmp.cz/mrimage/ahmp_watermark/image/cz/archives/CZ-321100010/NAD-157/dao/images/0016/f05a7d6c289095467acce11aaf344086.jpg/nahled_maly.jpg"
        ],
        "scan_zoomify_paths": [
          "https://images.ahmp.cz/mrimage/ahmp_watermark/zoomify/cz/archives/CZ-321100010/NAD-157/dao/images/0016/f05a7d6c289095467acce11aaf344086.jpg"
        ]
      }
    },
    {
      "type": "Feature",
      "geometry": {
        "type": "Point",
        "coordinates": [
          14.44983,
          50.01797
        ]
      },
      "properties": {
        "id": "567A3C8629F111E9980E74D435EEBE90",
        "group_id": "52057127cf4261b49c477d54f71a08c0ed941213",
        "kind": "negativ",
        "description": "Pohled na hlavní bránu a vjezd do statku čp. 101 (Nové Dvory) v ulici U Nového dvora (dnes Durychova) ve Lhotce.",
        "date_label": "červen 1953",
        "start_date": "1953-06-01",
        "end_date": "1953-06-30",
        "author": "",
        "signature": "X 10076",
        "note": "",
        "views": "44x",
        "geolocation_type": "regional.address",
        "scan_count": 1,
        "scan_previews": [
          "https://images.ahmp.cz/mrimage/ahmp_watermark/image/cz/archives/CZ-321100010/NAD-157/dao/images/0025/67afcef4cc21d1fd8a699d3c8af7939c.jpg/nahled_maly.jpg"
        ],
        "scan_zoomify_paths": [
          "https://images.ahmp.cz/mrimage/ahmp_watermark/zoomify/cz/archives/CZ-321100010/NAD-157/dao/images/0025/67afcef4cc21d1fd8a699d3c8af7939c.jpg"
        ]
      }
    },
    {
      "type": "Feature",
      "geometry": {
        "type": "Point",
        "coordinates": [
          14.43549,
          50.08356
        ]
      },
      "properties": {
        "id": "0AD8CCD617DB11E891E8406186009F3A",
        "group_id": "ce4f2102411c086df4bbc9fbf7d063c36ca60103",
        "kind": "pozitiv",
        "description": "Pohled na osvětlenou budovu Wilsonova nádraží (dům čp. 300) na Vinohradech - nádraží císaře Františka Josefa I., Hlavní. Při příležitosti 10. výročí samostatnosti Československé republiky.",
        "date_label": "28.10.1928",
        "start_date": "1928-10-28",
        "end_date": "1928-10-28",
        "author": "Vopravil, Josef (1902-1972)",
        "signature": "I 12075",
        "note": "",
        "views": "119x",
        "geolocation_type": "regional.address",
        "scan_count": 1,
        "scan_previews": [
          "https://images.ahmp.cz/mrimage/ahmp_watermark/image/cz/archives/CZ-321100010/NAD-157/dao/images/0024/baffddb744aa4eacba28c20f72df12f3.jpg/nahled_maly.jpg"
        ],
        "scan_zoomify_paths": [
          "https://images.ahmp.cz/mrimage/ahmp_watermark/zoomify/cz/archives/CZ-321100010/NAD-157/dao/images/0024/baffddb744aa4eacba28c20f72df12f3.jpg"
        ]
      }
    },
    {
      "type": "Feature",
      "geometry": {
        "type": "Point",
        "coordinates": [
          14.36348,
          50.06804
        ]
      },
      "properties": {
        "id": "57F08419878E11E5A334406186009F3A",
        "group_id": "4344961a49920e5d89e70ce5bf7b848670ad8c2e",
        "kind": "pozitiv",
        "description": "Panoramatický pohled na Košíře v okolí Cibulky v pohledovém kruhu od severozápadu přes sever k severozápadu. Třetí díl třídílného panoramatu.",
        "date_label": "13.10.1924",
        "start_date": "1924-10-13",
        "end_date": "1924-10-13",
        "author": "Alexander, Antonín (1892-působnost do 1948)",
        "signature": "I 11364",
        "note": "",
        "views": "70x",
        "geolocation_type": "regional.address",
        "scan_count": 1,
        "scan_previews": [
          "https://images.ahmp.cz/mrimage/ahmp_watermark/image/cz/archives/CZ-321100010/NAD-157/dao/images/0023/a80b51fc782ad6950aceaeeb48118212.jpg/nahled_maly.jpg"
        ],
        "scan_zoomify_paths": [
          "https://images.ahmp.cz/mrimage/ahmp_watermark/zoomify/cz/archives/CZ-321100010/NAD-157/dao/images/0023/a80b51fc782ad6950aceaeeb48118212.jpg"
        ]
      }
    },
    {
      "type": "Feature",
      "geometry": {
        "type": "Point",
        "coordinates": [
          14.42709,
          50.09385
        ]
      },
      "properties": {
        "id": "01DF1057F71F11E5A524000C76270B94",
        "group_id": "e6a50939e2abce87182f1a96e150e6034b4d0a0a",
        "kind": "pozitiv",
        "description": "Pohled na úpravu vtavského koryta mezi Korunním ostrovem a ostrovem Štvanice pro připravovanou stavbu plavebních komor. V popředí pěší lávka a v pozadí most císaře Františka Josefa I.",
        "date_label": "2.7.1908",
        "start_date": "1908-07-02",
        "end_date": "1908-07-02",
        "author": "",
        "signature": "I 11633",
        "note": "",
        "views": "92x",
        "geolocation_type": "regional.street",
        "scan_count": 1,
        "scan_previews": [
          "https://images.ahmp.cz/mrimage/ahmp_watermark/image/cz/archives/CZ-321100010/NAD-157/dao/images/0023/01ed0507362eb901523a62a4c10ab55d.jpg/nahled_maly.jpg"
        ],
        "scan_zoomify_paths": [
          "https://images.ahmp.cz/mrimage/ahmp_watermark/zoomify/cz/archives/CZ-321100010/NAD-157/dao/images/0023/01ed0507362eb901523a62a4c10ab55d.jpg"
        ]
      }
    },
    {
      "type": "Feature",
      "geometry": {
        "type": "Point",
        "coordinates": [
          14.39402,
          50.08908
        ]
      },
      "properties": {
        "id": "0B48AA27748A11E4A81F406186009F3A",
        "group_id": "8786d8b03d23005521bc11cdea2fcbc2cd980acb",
        "kind": "pozitiv",
        "description": "Pohled do zahrady domu čp. 180 na Hradčanech (bývalý Trautmannsdorfský palác) - \"práce na výkopu válečného vodního bazénu\". V pozadí uprostřed část kaple paláce.",
        "date_label": "5.6.1944",
        "start_date": "1944-06-05",
        "end_date": "1944-06-05",
        "author": "Alexander, Antonín (1892-působnost do 1948)",
        "signature": "I 11080",
        "note": "",
        "views": "23x",
        "geolocation_type": "regional.address",
        "scan_count": 1,
        "scan_previews": [
          "https://images.ahmp.cz/mrimage/ahmp_watermark/image/cz/archives/CZ-321100010/NAD-157/dao/images/0016/c80dddee0e9423b823a1877d624bdca2.jpg/nahled_maly.jpg"
        ],
        "scan_zoomify_paths": [
          "https://images.ahmp.cz/mrimage/ahmp_watermark/zoomify/cz/archives/CZ-321100010/NAD-157/dao/images/0016/c80dddee0e9423b823a1877d624bdca2.jpg"
        ]
      }
    },
    {
      "type": "Feature",
      "geometry": {
        "type": "Point",
        "coordinates": [
          14.42009,
          50.087
        ]
      },
      "properties": {
        "id": "5CE7A20290C111E8B3B474D435EEBE90",
        "group_id": "87e0a2674b5184d1b6fcd727cbf0079405a9eb5f",
        "kind": "negativ",
        "description": "Pohled na část orloje Staroměstské radnice (dům čp. 1 na Starém Městě) na Staroměstském náměstí při opravě.",
        "date_label": "kol.1910",
        "start_date": "1910-01-01",
        "end_date": "1910-12-31",
        "author": "",
        "signature": "X 8779",
        "note": "",
        "views": "23x",
        "geolocation_type": "regional.address",
        "scan_count": 1,
        "scan_previews": [
          "https://images.ahmp.cz/mrimage/ahmp_watermark/image/cz/archives/CZ-321100010/NAD-157/dao/images/0024/5d60ae8f3653db157590733d78252f26.jpg/nahled_maly.jpg"
        ],
        "scan_zoomify_paths": [
          "https://images.ahmp.cz/mrimage/ahmp_watermark/zoomify/cz/archives/CZ-321100010/NAD-157/dao/images/0024/5d60ae8f3653db157590733d78252f26.jpg"
        ]
      }
    },
    {
      "type": "Feature",
      "geometry": {
        "type": "Point",
        "coordinates": [
          14.42032,
          50.09595
        ]
      },
      "properties": {
        "id": "52F306D887D711E79100406186009F3A",
        "group_id": "8e96d1952f9cef501aaa6aef7d5dca77cc0ad680",
        "kind": "pohlednice",
        "description": "Cvičení žen během VII. všesokolského sletu na Letné v Holešovicích.",
        "date_label": "27.-30.6.1920",
        "start_date": "",
        "end_date": "",
        "author": "Vojta, Tomáš (1885-1934)",
        "signature": "I 12189",
        "note": "",
        "views": "43x",
        "geolocation_type": "regional.address",
        "scan_count": 1,
        "scan_previews": [
          "https://images.ahmp.cz/mrimage/ahmp_watermark/image/cz/archives/CZ-321100010/NAD-157/dao/images/0024/62d7a1d2b36fa726372cb9eb6a0fc854.jpg/nahled_maly.jpg"
        ],
        "scan_zoomify_paths": [
          "https://images.ahmp.cz/mrimage/ahmp_watermark/zoomify/cz/archives/CZ-321100010/NAD-157/dao/images/0024/62d7a1d2b36fa726372cb9eb6a0fc854.jpg"
        ]
      }
    },
    {
      "type": "Feature",
      "geometry": {
        "type": "Point",
        "coordinates": [
          14.41783,
          50.08711
        ]
      },
      "properties": {
        "id": "582f81526c364bc6844763e746e97266",
        "group_id": "acfc7b087ca972e1b6246150e17e5d6d85fe90b3",
        "kind": "pozitiv",
        "description": "Primátor Adolf Svoboda ve své kanceláři.",
        "date_label": "kol.1960",
        "start_date": "1960-01-01",
        "end_date": "1960-12-31",
        "author": "",
        "signature": "I 12955",
        "note": "",
        "views": "13x",
        "geolocation_type": "regional.address",
        "scan_count": 1,
        "scan_previews": [
          "https://images.ahmp.cz/mrimage/ahmp_watermark/image/cz/archives/CZ-321100010/global-dao/images/0101/79e0d0b307b6f744e308ff91b76b54e5.jpg/nahled_maly.jpg"
        ],
        "scan_zoomify_paths": [
          "https://images.ahmp.cz/mrimage/ahmp_watermark/zoomify/cz/archives/CZ-321100010/global-dao/images/0101/79e0d0b307b6f744e308ff91b76b54e5.jpg"
        ]
      }
    },
    {
      "type": "Feature",
      "geometry": {
        "type": "Point",
        "coordinates": [
          14.4368,
          50.09865
        ]
      },
      "properties": {
        "id": "032EC262E69D11E89E7C74D435EEBE90",
        "group_id": "a83aaf0762b75ea6394acc6980f5883253781e37",
        "kind": "pozitiv",
        "description": "Pohled na stavbu Severojižní magistrály v Holešovicích - Bubenská ulice.",
        "date_label": "1982",
        "start_date": "1982-01-01",
        "end_date": "1982-12-31",
        "author": "Jelínková, Jana (1951-)",
        "signature": "I 12419",
        "note": "",
        "views": "37x",
        "geolocation_type": "regional.address",
        "scan_count": 1,
        "scan_previews": [
          "https://images.ahmp.cz/mrimage/ahmp_watermark/image/cz/archives/CZ-321100010/NAD-157/dao/images/0025/001dd69f15c74a7d9d71e867791b2a70.jpg/nahled_maly.jpg"
        ],
        "scan_zoomify_paths": [
          "https://images.ahmp.cz/mrimage/ahmp_watermark/zoomify/cz/archives/CZ-321100010/NAD-157/dao/images/0025/001dd69f15c74a7d9d71e867791b2a70.jpg"
        ]
      }
    },
    {
      "type": "Feature",
      "geometry": {
        "type": "Point",
        "coordinates": [
          14.41347,
          50.08126
        ]
      },
      "properties": {
        "id": "0C3960C317E311E891E8406186009F3A",
        "group_id": "4cfd4f23abbd1396336ea65d327405edb1c71b7d",
        "kind": "pozitiv",
        "description": "Pohled na osvětlené Národní divadlo (dům čp. 223 na Novém Městě) při příležitosti 10. výročí samostatnosti Československé republiky.",
        "date_label": "28.10.1928",
        "start_date": "1928-10-28",
        "end_date": "1928-10-28",
        "author": "Vopravil, Josef (1902-1972)",
        "signature": "I 12068",
        "note": "",
        "views": "64x",
        "geolocation_type": "regional.address",
        "scan_count": 1,
        "scan_previews": [
          "https://images.ahmp.cz/mrimage/ahmp_watermark/image/cz/archives/CZ-321100010/NAD-157/dao/images/0024/580203b7cdf1be1d221beebabff21d20.jpg/nahled_maly.jpg"
        ],
        "scan_zoomify_paths": [
          "https://images.ahmp.cz/mrimage/ahmp_watermark/zoomify/cz/archives/CZ-321100010/NAD-157/dao/images/0024/580203b7cdf1be1d221beebabff21d20.jpg"
        ]
      }
    },
    {
      "type": "Feature",
      "geometry": {
        "type": "Point",
        "coordinates": [
          14.41045,
          50.12074
        ]
      },
      "properties": {
        "id": "0d5b88b2e23c4485a78dc45b6adff4c4",
        "group_id": "466387da52f0cc069a8e141d0a783d9506baa2d6",
        "kind": "pozitiv",
        "description": "Pohled na usedlost Salabku (dům čp. 57 v Troji) v dnešní ulici K Bohnicím. V popředí vinice.",
        "date_label": "1958",
        "start_date": "1958-01-01",
        "end_date": "1958-12-31",
        "author": "Hnilička, Eduard (1887-1967)",
        "signature": "I 12939",
        "note": "",
        "views": "16x",
        "geolocation_type": "regional.address",
        "scan_count": 1,
        "scan_previews": [
          "https://images.ahmp.cz/mrimage/ahmp_watermark/image/cz/archives/CZ-321100010/global-dao/images/0101/777f9c0879a1e3d3cc240afa7181a5dc.jpg/nahled_maly.jpg"
        ],
        "scan_zoomify_paths": [
          "https://images.ahmp.cz/mrimage/ahmp_watermark/zoomify/cz/archives/CZ-321100010/global-dao/images/0101/777f9c0879a1e3d3cc240afa7181a5dc.jpg"
        ]
      }
    },
    {
      "type": "Feature",
      "geometry": {
        "type": "Point",
        "coordinates": [
          14.27482,
          50.11162
        ]
      },
      "properties": {
        "id": "0d3f1c353eaf4627ad3e26d9535c3708",
        "group_id": "e546dde89a58c74fd29097a53ffbed5ba68748dd",
        "kind": "pozitiv",
        "description": "Primátor Adolf Svoboda na ruzyňském letišti.",
        "date_label": "kol.1960",
        "start_date": "1960-01-01",
        "end_date": "1960-12-31",
        "author": "",
        "signature": "I 12953",
        "note": "",
        "views": "13x",
        "geolocation_type": "regional.address",
        "scan_count": 1,
        "scan_previews": [
          "https://images.ahmp.cz/mrimage/ahmp_watermark/image/cz/archives/CZ-321100010/global-dao/images/0101/3f774a7d965d9746cc108fbffe960d82.jpg/nahled_maly.jpg"
        ],
        "scan_zoomify_paths": [
          "https://images.ahmp.cz/mrimage/ahmp_watermark/zoomify/cz/archives/CZ-321100010/global-dao/images/0101/3f774a7d965d9746cc108fbffe960d82.jpg"
        ]
      }
    },
    {
      "type": "Feature",
      "geometry": {
        "type": "Point",
        "coordinates": [
          14.43257,
          50.09449
        ]
      },
      "properties": {
        "id": "13A1BEBB648611E6A554000C76270B94",
        "group_id": "03d73fbdacf81d0dee93a78f87360cda919a64f5",
        "kind": "pozitiv",
        "description": "Pohled na stavbu turbín ve špičce ostrova Štvanice.",
        "date_label": "16.10.1909",
        "start_date": "1909-10-16",
        "end_date": "1909-10-16",
        "author": "",
        "signature": "I 11865",
        "note": "",
        "views": "28x",
        "geolocation_type": "regional.address",
        "scan_count": 1,
        "scan_previews": [
          "https://images.ahmp.cz/mrimage/ahmp_watermark/image/cz/archives/CZ-321100010/NAD-157/dao/images/0023/0767df4ef6299b9d99770cc729208203.jpg/nahled_maly.jpg"
        ],
        "scan_zoomify_paths": [
          "https://images.ahmp.cz/mrimage/ahmp_watermark/zoomify/cz/archives/CZ-321100010/NAD-157/dao/images/0023/0767df4ef6299b9d99770cc729208203.jpg"
        ]
      }
    },
    {
      "type": "Feature",
      "geometry": {
        "type": "Point",
        "coordinates": [
          14.41783,
          50.08711
        ]
      },
      "properties": {
        "id": "105b5a31ce694fe48a607615efbd8799",
        "group_id": "aa825ad96b9cca4d9882b81a883b8fb8ca543b73",
        "kind": "pozitiv",
        "description": "Pohled na stavbu budovy Magistrátu hlavního města Prahy (dům čp. 2) na Mariánském náměstí na Starém Městě - stavba dvorany.",
        "date_label": "",
        "start_date": "",
        "end_date": "",
        "author": "",
        "signature": "I 12900",
        "note": "",
        "views": "9x",
        "geolocation_type": "regional.address",
        "scan_count": 2,
        "scan_previews": [
          "https://images.ahmp.cz/mrimage/ahmp_watermark/image/cz/archives/CZ-321100010/global-dao/images/0101/81b249e0ea2f775c8924753c96619850.jpg/nahled_maly.jpg",
          "https://images.ahmp.cz/mrimage/ahmp_watermark/image/cz/archives/CZ-321100010/global-dao/images/0101/81b249e0ea2f775c8924753c96619850.jpg/nahled_maly.jpg"
        ],
        "scan_zoomify_paths": [
          "https://images.ahmp.cz/mrimage/ahmp_watermark/zoomify/cz/archives/CZ-321100010/global-dao/images/0101/81b249e0ea2f775c8924753c96619850.jpg",
          "https://images.ahmp.cz/mrimage/ahmp_watermark/zoomify/cz/archives/CZ-321100010/global-dao/images/0101/81b249e0ea2f775c8924753c96619850.jpg"
        ]
      }
    },
    {
      "type": "Feature",
      "geometry": {
        "type": "Point",
        "coordinates": [
          14.42032,
          50.09595
        ]
      },
      "properties": {
        "id": "6413C33587D411E79100406186009F3A",
        "group_id": "8e96d1952f9cef501aaa6aef7d5dca77cc0ad680",
        "kind": "pohlednice",
        "description": "Cvičení žen během VII. všesokolského sletu na Letné v Holešovicích.",
        "date_label": "27.-30.6.1920",
        "start_date": "",
        "end_date": "",
        "author": "Vojta, Tomáš (1885-1934)",
        "signature": "I 12186",
        "note": "",
        "views": "46x",
        "geolocation_type": "regional.address",
        "scan_count": 1,
        "scan_previews": [
          "https://images.ahmp.cz/mrimage/ahmp_watermark/image/cz/archives/CZ-321100010/NAD-157/dao/images/0024/be744ef18c10b67055c36cb6a3e711b8.jpg/nahled_maly.jpg"
        ],
        "scan_zoomify_paths": [
          "https://images.ahmp.cz/mrimage/ahmp_watermark/zoomify/cz/archives/CZ-321100010/NAD-157/dao/images/0024/be744ef18c10b67055c36cb6a3e711b8.jpg"
        ]
      }
    },
    {
      "type": "Feature",
      "geometry": {
        "type": "Point",
        "coordinates": [
          14.40535,
          50.09003
        ]
      },
      "properties": {
        "id": "140AB499DBB911E5AB3774D435EEBE90",
        "group_id": "7350b9f6b8bffdf37ac4a96d38b8f758100a9edc",
        "kind": "pozitiv",
        "description": "Pohled na vycpaného koně Albrechta z Valdštejna v interiéru Valdštejnského paláce (dům čp. 17 na Malé Straně).",
        "date_label": "",
        "start_date": "",
        "end_date": "",
        "author": "Eckert, Jindřich (1833-1905)",
        "signature": "I 11537",
        "note": "Eckert, Jindřich - Eckert-ateliér (repro)",
        "views": "68x",
        "geolocation_type": "regional.address",
        "scan_count": 1,
        "scan_previews": [
          "https://images.ahmp.cz/mrimage/ahmp_watermark/image/cz/archives/CZ-321100010/NAD-157/dao/images/0023/b76e84309b075059cdba70128a2d1a88.jpg/nahled_maly.jpg"
        ],
        "scan_zoomify_paths": [
          "https://images.ahmp.cz/mrimage/ahmp_watermark/zoomify/cz/archives/CZ-321100010/NAD-157/dao/images/0023/b76e84309b075059cdba70128a2d1a88.jpg"
        ]
      }
    },
    {
      "type": "Feature",
      "geometry": {
        "type": "Point",
        "coordinates": [
          14.40131,
          50.08733
        ]
      },
      "properties": {
        "id": "139F58247D2411E3BE26406186009F3A",
        "group_id": "81b935f0bbaf066aef4a33825606e4968e1cc013",
        "kind": "pozitiv",
        "description": "Klenba přízemních arkád zahradního pavilonu Schönbornského paláce - domu čp. 365 na Malé Straně.",
        "date_label": "červen 1931",
        "start_date": "1931-06-01",
        "end_date": "1931-06-30",
        "author": "Vojta, Tomáš (1885-1934)",
        "signature": "I 9880",
        "note": "",
        "views": "19x",
        "geolocation_type": "regional.address",
        "scan_count": 1,
        "scan_previews": [
          "https://images.ahmp.cz/mrimage/ahmp_watermark/image/cz/archives/CZ-321100010/NAD-157/dao/images/0016/b7134f7b15e7baffeb8ca50fa48efdd3.jpg/nahled_maly.jpg"
        ],
        "scan_zoomify_paths": [
          "https://images.ahmp.cz/mrimage/ahmp_watermark/zoomify/cz/archives/CZ-321100010/NAD-157/dao/images/0016/b7134f7b15e7baffeb8ca50fa48efdd3.jpg"
        ]
      }
    },
    {
      "type": "Feature",
      "geometry": {
        "type": "Point",
        "coordinates": [
          14.39148,
          50.07167
        ]
      },
      "properties": {
        "id": "5E78D8DF2FC111E5A57D74D435EEBE90",
        "group_id": "d8f897572e94f82ce1f39471bd68ec73cf27978b",
        "kind": "pozitiv",
        "description": "Pohled na hroby na Malostranském hřbitově na Smíchově - původní stav. Náhrobek Anny Hellichové a Josefa Vojtěcha Hellicha.",
        "date_label": "25.3.1927",
        "start_date": "1927-03-25",
        "end_date": "1927-03-25",
        "author": "Alexander, Antonín (1892-působnost do 1948)",
        "signature": "I 11278",
        "note": "",
        "views": "63x",
        "geolocation_type": "poi",
        "scan_count": 1,
        "scan_previews": [
          "https://images.ahmp.cz/mrimage/ahmp_watermark/image/cz/archives/CZ-321100010/NAD-157/dao/images/0023/e29ded351daec5463d639030e7ea7fb2.jpg/nahled_maly.jpg"
        ],
        "scan_zoomify_paths": [
          "https://images.ahmp.cz/mrimage/ahmp_watermark/zoomify/cz/archives/CZ-321100010/NAD-157/dao/images/0023/e29ded351daec5463d639030e7ea7fb2.jpg"
        ]
      }
    },
    {
      "type": "Feature",
      "geometry": {
        "type": "Point",
        "coordinates": [
          14.4369,
          50.09567
        ]
      },
      "properties": {
        "id": "632AF8E5E69A11E89E7C74D435EEBE90",
        "group_id": "0102f031665fe758aed58d480895fe8cdea00a8f",
        "kind": "pozitiv",
        "description": "Pohled z výšky na přestavbu severního předmostí Hlávkova mostu v Holešovicích při stavbě Severojižní magistrály.",
        "date_label": "1980",
        "start_date": "1980-01-01",
        "end_date": "1980-12-31",
        "author": "Jelínková, Jana (1951-)",
        "signature": "I 12413",
        "note": "",
        "views": "43x",
        "geolocation_type": "regional.street",
        "scan_count": 1,
        "scan_previews": [
          "https://images.ahmp.cz/mrimage/ahmp_watermark/image/cz/archives/CZ-321100010/NAD-157/dao/images/0025/1fce7d01de4508505242e0337b054ff3.jpg/nahled_maly.jpg"
        ],
        "scan_zoomify_paths": [
          "https://images.ahmp.cz/mrimage/ahmp_watermark/zoomify/cz/archives/CZ-321100010/NAD-157/dao/images/0025/1fce7d01de4508505242e0337b054ff3.jpg"
        ]
      }
    },
    {
      "type": "Feature",
      "geometry": {
        "type": "Point",
        "coordinates": [
          14.40088,
          50.09006
        ]
      },
      "properties": {
        "id": "54E53653D63711E5A67174D435EEBE90",
        "group_id": "20d36fcedfff4058c62aa12604c6660227a9a4f5",
        "kind": "pozitiv",
        "description": "Pohled na třetí nádvoří Pražského hradu se sochou sv. Jiří.",
        "date_label": "kol.1870",
        "start_date": "1870-01-01",
        "end_date": "1870-12-31",
        "author": "Fridrich, František (1829-1892)",
        "signature": "I 11496",
        "note": "",
        "views": "22x",
        "geolocation_type": "poi",
        "scan_count": 1,
        "scan_previews": [
          "https://images.ahmp.cz/mrimage/ahmp_watermark/image/cz/archives/CZ-321100010/NAD-157/dao/images/0025/431fbb2331b028c5b9e677d955713d44.jpg/nahled_maly.jpg"
        ],
        "scan_zoomify_paths": [
          "https://images.ahmp.cz/mrimage/ahmp_watermark/zoomify/cz/archives/CZ-321100010/NAD-157/dao/images/0025/431fbb2331b028c5b9e677d955713d44.jpg"
        ]
      }
    },
    {
      "type": "Feature",
      "geometry": {
        "type": "Point",
        "coordinates": [
          14.4201,
          50.08245
        ]
      },
      "properties": {
        "id": "5A094BCD15DF11EABE1274D435EEBE90",
        "group_id": "5c4f3f4a295511deec96abe6726730c7d41a4f98",
        "kind": "negativ",
        "description": "Celkový pohled na průčelí domu čp. 60 (Choděrův restaurant) do Národní třídy na Novém Městě.",
        "date_label": "kol.1910",
        "start_date": "1910-01-01",
        "end_date": "1910-12-31",
        "author": "",
        "signature": "X 2474",
        "note": "",
        "views": "37x",
        "geolocation_type": "regional.address",
        "scan_count": 1,
        "scan_previews": [
          "https://images.ahmp.cz/mrimage/ahmp_watermark/image/cz/archives/CZ-321100010/NAD-157/dao/images/0025/428b739086260c37bf3be8070963b0d1.jpg/nahled_maly.jpg"
        ],
        "scan_zoomify_paths": [
          "https://images.ahmp.cz/mrimage/ahmp_watermark/zoomify/cz/archives/CZ-321100010/NAD-157/dao/images/0025/428b739086260c37bf3be8070963b0d1.jpg"
        ]
      }
    },
    {
      "type": "Feature",
      "geometry": {
        "type": "Point",
        "coordinates": [
          14.51723,
          50.0348
        ]
      },
      "properties": {
        "id": "5561A3A654A211E6B6CF406186009F3A",
        "group_id": "7465e7ff552c415c284bca369dd485881d91c8f4",
        "kind": "pozitiv",
        "description": "Pohled na základní školu v ulici Květnového vítězství (dům čp. 1554 na Chodově).",
        "date_label": "1982",
        "start_date": "1982-01-01",
        "end_date": "1982-12-31",
        "author": "Jelínková, Jana (1951-)",
        "signature": "I 11712",
        "note": "",
        "views": "33x",
        "geolocation_type": "regional.address",
        "scan_count": 1,
        "scan_previews": [
          "https://images.ahmp.cz/mrimage/ahmp_watermark/image/cz/archives/CZ-321100010/NAD-157/dao/images/0023/29f2c06e240ba2c170314124e538c2b4.jpg/nahled_maly.jpg"
        ],
        "scan_zoomify_paths": [
          "https://images.ahmp.cz/mrimage/ahmp_watermark/zoomify/cz/archives/CZ-321100010/NAD-157/dao/images/0023/29f2c06e240ba2c170314124e538c2b4.jpg"
        ]
      }
    },
    {
      "type": "Feature",
      "geometry": {
        "type": "Point",
        "coordinates": [
          14.4369,
          50.09567
        ]
      },
      "properties": {
        "id": "081563FD62AA11E6A552000C76270B94",
        "group_id": "9d8ebc9f44a706b964c21d1891bd951dd8b583bc",
        "kind": "pozitiv",
        "description": "Pohled na stavbu nového Helmovského jezu pod nedokončenou železnou částí Hlavkova mostu. V pozadí provizorní dřevěný most.",
        "date_label": "19.11.1909",
        "start_date": "1909-11-19",
        "end_date": "1909-11-19",
        "author": "",
        "signature": "I 11799",
        "note": "",
        "views": "50x",
        "geolocation_type": "regional.street",
        "scan_count": 1,
        "scan_previews": [
          "https://images.ahmp.cz/mrimage/ahmp_watermark/image/cz/archives/CZ-321100010/NAD-157/dao/images/0023/fc68134410799dc09a01b3ebecaf2643.jpg/nahled_maly.jpg"
        ],
        "scan_zoomify_paths": [
          "https://images.ahmp.cz/mrimage/ahmp_watermark/zoomify/cz/archives/CZ-321100010/NAD-157/dao/images/0023/fc68134410799dc09a01b3ebecaf2643.jpg"
        ]
      }
    },
    {
      "type": "Feature",
      "geometry": {
        "type": "Point",
        "coordinates": [
          14.41804,
          50.08583
        ]
      },
      "properties": {
        "id": "01DC38A404D811E3A4F66C626D41E503",
        "group_id": "adc21513effd69413c8bf60709d71b9092ca08cf",
        "kind": "pozitiv",
        "description": "Pohled na spodní část průčelí domu čp. 228 v Husově ulici na Starém Městě - odkrytý pozdně gotický portál a nad ním nově osazená deska s domovním znamením s plastikou tygra z umělého kamene (\"Skořepova plzeňská pivnice \"U Zlatého tygra\").",
        "date_label": "6.12.1935",
        "start_date": "1935-12-06",
        "end_date": "1935-12-06",
        "author": "Alexander, Antonín (1892-působnost do 1948)",
        "signature": "I 9740",
        "note": "",
        "views": "58x",
        "geolocation_type": "regional.address",
        "scan_count": 1,
        "scan_previews": [
          "https://images.ahmp.cz/mrimage/ahmp_watermark/image/cz/archives/CZ-321100010/NAD-157/dao/images/0016/04a3271368514b79b7c5c35d61c0175c.jpg/nahled_maly.jpg"
        ],
        "scan_zoomify_paths": [
          "https://images.ahmp.cz/mrimage/ahmp_watermark/zoomify/cz/archives/CZ-321100010/NAD-157/dao/images/0016/04a3271368514b79b7c5c35d61c0175c.jpg"
        ]
      }
    },
    {
      "type": "Feature",
      "geometry": {
        "type": "Point",
        "coordinates": [
          14.42742,
          50.10533
        ]
      },
      "properties": {
        "id": "5BAD2B70670611E3B24B406186009F3A",
        "group_id": "44362398dc8b7c5603994ffd162f2c9c43bcf3c2",
        "kind": "pozitiv",
        "description": "Celkový pohled na dům čp. 21 (budova bývalého statku ve Stromovce) v Bubenči.",
        "date_label": "kol.1955",
        "start_date": "1955-01-01",
        "end_date": "1955-12-31",
        "author": "",
        "signature": "I 9823",
        "note": "",
        "views": "58x",
        "geolocation_type": "regional.address",
        "scan_count": 1,
        "scan_previews": [
          "https://images.ahmp.cz/mrimage/ahmp_watermark/image/cz/archives/CZ-321100010/NAD-157/dao/images/0016/5ea8e7b332c277f5b3414ab14bd036e2.jpg/nahled_maly.jpg"
        ],
        "scan_zoomify_paths": [
          "https://images.ahmp.cz/mrimage/ahmp_watermark/zoomify/cz/archives/CZ-321100010/NAD-157/dao/images/0016/5ea8e7b332c277f5b3414ab14bd036e2.jpg"
        ]
      }
    },
    {
      "type": "Feature",
      "geometry": {
        "type": "Point",
        "coordinates": [
          14.39656,
          50.10114
        ]
      },
      "properties": {
        "id": "508797BE50E311E79E0B406186009F3A",
        "group_id": "7ab6beaaaca53bcca71db217d17e750d450bbaa4",
        "kind": "negativ",
        "description": "Pohled na budovu ministerstvo Národní obrany (dům čp. 471) na náměstí Svobody v Bubenči.",
        "date_label": "kol.1930",
        "start_date": "1930-01-01",
        "end_date": "1930-12-31",
        "author": "Vojta, Tomáš (1885-1934)",
        "signature": "X 7521",
        "note": "",
        "views": "54x",
        "geolocation_type": "regional.address",
        "scan_count": 1,
        "scan_previews": [
          "https://images.ahmp.cz/mrimage/ahmp_watermark/image/cz/archives/CZ-321100010/NAD-157/dao/images/0024/aa423ec9b6933ed6fc31cfdafafe429d.jpg/nahled_maly.jpg"
        ],
        "scan_zoomify_paths": [
          "https://images.ahmp.cz/mrimage/ahmp_watermark/zoomify/cz/archives/CZ-321100010/NAD-157/dao/images/0024/aa423ec9b6933ed6fc31cfdafafe429d.jpg"
        ]
      }
    },
    {
      "type": "Feature",
      "geometry": {
        "type": "Point",
        "coordinates": [
          14.39148,
          50.07167
        ]
      },
      "properties": {
        "id": "562EF4452FBE11E5A57D74D435EEBE90",
        "group_id": "5d20b0e4d7047fb0c6aeea3211fb7a7d985c1491",
        "kind": "pozitiv",
        "description": "Pohled na náhrobky na Malostranském hřbitově na Smíchově při zdi do Plzeňské ulice - původní stav. Rodina Greissova.",
        "date_label": "21.3.1927",
        "start_date": "1927-03-21",
        "end_date": "1927-03-21",
        "author": "Alexander, Antonín (1892-působnost do 1948)",
        "signature": "I 11262",
        "note": "",
        "views": "72x",
        "geolocation_type": "poi",
        "scan_count": 1,
        "scan_previews": [
          "https://images.ahmp.cz/mrimage/ahmp_watermark/image/cz/archives/CZ-321100010/NAD-157/dao/images/0023/dc79512445e64022e76d025550d8bdc2.jpg/nahled_maly.jpg"
        ],
        "scan_zoomify_paths": [
          "https://images.ahmp.cz/mrimage/ahmp_watermark/zoomify/cz/archives/CZ-321100010/NAD-157/dao/images/0023/dc79512445e64022e76d025550d8bdc2.jpg"
        ]
      }
    },
    {
      "type": "Feature",
      "geometry": {
        "type": "Point",
        "coordinates": [
          14.4369,
          50.09567
        ]
      },
      "properties": {
        "id": "54FE7D47648711E6A554000C76270B94",
        "group_id": "13be721ffc2c4b85851db0b7bd1d0dedb88f5317",
        "kind": "pozitiv",
        "description": "Pohled na stavbu špičky ostrova Štvanice. V pozadí provizorní dřevěný a nedokončená železná část Hlávkova mostu.",
        "date_label": "16.10.1909",
        "start_date": "1909-10-16",
        "end_date": "1909-10-16",
        "author": "",
        "signature": "I 11867",
        "note": "",
        "views": "44x",
        "geolocation_type": "regional.street",
        "scan_count": 1,
        "scan_previews": [
          "https://images.ahmp.cz/mrimage/ahmp_watermark/image/cz/archives/CZ-321100010/NAD-157/dao/images/0023/8b786fe5876457a450e66c2627651ebf.jpg/nahled_maly.jpg"
        ],
        "scan_zoomify_paths": [
          "https://images.ahmp.cz/mrimage/ahmp_watermark/zoomify/cz/archives/CZ-321100010/NAD-157/dao/images/0023/8b786fe5876457a450e66c2627651ebf.jpg"
        ]
      }
    },
    {
      "type": "Feature",
      "geometry": {
        "type": "Point",
        "coordinates": [
          14.45267,
          50.0817
        ]
      },
      "properties": {
        "id": "583456C5E15211E6B986406186009F3A",
        "group_id": "a0c8bc5b02ea130cd10ae512411fb7bb32b6baf6",
        "kind": "negativ",
        "description": "Celkový pohled na kostel Povýšení sv. Kříže s farou (dům čp. 12) v dnešní Čajkovského ulici na Žižkově. V pozadí zadní části domů v Bořivojově ulici.",
        "date_label": "7.3.1928",
        "start_date": "1928-03-07",
        "end_date": "1928-03-07",
        "author": "Alexander, Antonín (1892-působnost do 1948)",
        "signature": "X 8369",
        "note": "",
        "views": "66x",
        "geolocation_type": "regional.address",
        "scan_count": 1,
        "scan_previews": [
          "https://images.ahmp.cz/mrimage/ahmp_watermark/image/cz/archives/CZ-321100010/NAD-157/dao/images/0023/f32c59100bffa625d6b8372f9eb0acee.jpg/nahled_maly.jpg"
        ],
        "scan_zoomify_paths": [
          "https://images.ahmp.cz/mrimage/ahmp_watermark/zoomify/cz/archives/CZ-321100010/NAD-157/dao/images/0023/f32c59100bffa625d6b8372f9eb0acee.jpg"
        ]
      }
    },
    {
      "type": "Feature",
      "geometry": {
        "type": "Point",
        "coordinates": [
          14.43889,
          50.05438
        ]
      },
      "properties": {
        "id": "0CB25063678811EABE1874D435EEBE90",
        "group_id": "0675f6e12090409c21d8360590b7cb6da753173e",
        "kind": "pozitiv",
        "description": "Pohled na pamětní desku Nuselského mostu (most Klemeta Gottwalda). V pozadí Nuselský most, kostel Nanebevzetí P. Marie a sv. Karla Velikého na Karlově.",
        "date_label": "1980",
        "start_date": "1980-01-01",
        "end_date": "1980-12-31",
        "author": "Jelínková, Jana (1951-)",
        "signature": "I 12713",
        "note": "",
        "views": "69x",
        "geolocation_type": "regional.address",
        "scan_count": 1,
        "scan_previews": [
          "https://images.ahmp.cz/mrimage/ahmp_watermark/image/cz/archives/CZ-321100010/NAD-157/dao/images/0025/d9ff587de6403e51081d14058763f794.jpg/nahled_maly.jpg"
        ],
        "scan_zoomify_paths": [
          "https://images.ahmp.cz/mrimage/ahmp_watermark/zoomify/cz/archives/CZ-321100010/NAD-157/dao/images/0025/d9ff587de6403e51081d14058763f794.jpg"
        ]
      }
    },
    {
      "type": "Feature",
      "geometry": {
        "type": "Point",
        "coordinates": [
          14.34713,
          50.07999
        ]
      },
      "properties": {
        "id": "0DF6EE5DC34711E593B5406186009F3A",
        "group_id": "781c52d3cadb28228870fd0381dc51cf80fcfb96",
        "kind": "pozitiv",
        "description": "Panoramatický pohled na prostory vojenského cvičiště poblíž Vypichu při pohledu od jihu přes západ k severu. V pozadí kaplička č. 5 poutní cesty do Hájku v Břevnově. Třetí díl čtyřdílného panoramatu.",
        "date_label": "16.5.1925",
        "start_date": "1925-05-16",
        "end_date": "1925-05-16",
        "author": "Alexander, Antonín (1892-působnost do 1948)",
        "signature": "I 11477",
        "note": "",
        "views": "63x",
        "geolocation_type": "regional.address",
        "scan_count": 1,
        "scan_previews": [
          "https://images.ahmp.cz/mrimage/ahmp_watermark/image/cz/archives/CZ-321100010/NAD-157/dao/images/0016/b117bd05a1360ca156b1e201c7ff3da1.jpg/nahled_maly.jpg"
        ],
        "scan_zoomify_paths": [
          "https://images.ahmp.cz/mrimage/ahmp_watermark/zoomify/cz/archives/CZ-321100010/NAD-157/dao/images/0016/b117bd05a1360ca156b1e201c7ff3da1.jpg"
        ]
      }
    },
    {
      "type": "Feature",
      "geometry": {
        "type": "Point",
        "coordinates": [
          14.42009,
          50.087
        ]
      },
      "properties": {
        "id": "0225236C124111E8A338406186009F3A",
        "group_id": "b17582daa1533487528a8d53e2e7f56425983ac6",
        "kind": "pozitiv",
        "description": "Pohled na osvětlenou Staroměstskou radnici při příležitosti 10. výročí samostatnosti Československé republiky.",
        "date_label": "28.10.1928",
        "start_date": "1928-10-28",
        "end_date": "1928-10-28",
        "author": "Vopravil, Josef (1902-1972)",
        "signature": "I 12043",
        "note": "",
        "views": "58x",
        "geolocation_type": "regional.address",
        "scan_count": 1,
        "scan_previews": [
          "https://images.ahmp.cz/mrimage/ahmp_watermark/image/cz/archives/CZ-321100010/NAD-157/dao/images/0024/43ac814ae412c895740d1d64c852998d.jpg/nahled_maly.jpg"
        ],
        "scan_zoomify_paths": [
          "https://images.ahmp.cz/mrimage/ahmp_watermark/zoomify/cz/archives/CZ-321100010/NAD-157/dao/images/0024/43ac814ae412c895740d1d64c852998d.jpg"
        ]
      }
    },
    {
      "type": "Feature",
      "geometry": {
        "type": "Point",
        "coordinates": [
          14.40131,
          50.08733
        ]
      },
      "properties": {
        "id": "4F837FAC7C7311E3BFE4406186009F3A",
        "group_id": "9fbbf02fffbba0ba43edb41f5610447026cd617b",
        "kind": "pozitiv",
        "description": "Západní vstupní průjezd Schönbornského paláce - domu čp. 365 na Malé Straně.",
        "date_label": "červen 1931",
        "start_date": "1931-06-01",
        "end_date": "1931-06-30",
        "author": "Vojta, Tomáš (1885-1934)",
        "signature": "I 9869",
        "note": "",
        "views": "27x",
        "geolocation_type": "regional.address",
        "scan_count": 1,
        "scan_previews": [
          "https://images.ahmp.cz/mrimage/ahmp_watermark/image/cz/archives/CZ-321100010/NAD-157/dao/images/0016/31ded1d884dba823f143e74eff4d518e.jpg/nahled_maly.jpg"
        ],
        "scan_zoomify_paths": [
          "https://images.ahmp.cz/mrimage/ahmp_watermark/zoomify/cz/archives/CZ-321100010/NAD-157/dao/images/0016/31ded1d884dba823f143e74eff4d518e.jpg"
        ]
      }
    },
    {
      "type": "Feature",
      "geometry": {
        "type": "Point",
        "coordinates": [
          14.40739,
          50.08615
        ]
      },
      "properties": {
        "id": "1092FD0F05B811E389696C626D41E503",
        "group_id": "0b430631f92f4ea0e242860ce9f812a19b3f6c8c",
        "kind": "pozitiv",
        "description": "Pohled do interiéru domu čp. 490 (palác Metychů z Čečova - Hrzánský) na Velkopřevorském náměstí na Malé Straně - schodiště s krucifixem.",
        "date_label": "1925",
        "start_date": "1925-01-01",
        "end_date": "1925-12-31",
        "author": "Vojta, Tomáš (1885-1934)",
        "signature": "I 9762",
        "note": "",
        "views": "29x",
        "geolocation_type": "regional.address",
        "scan_count": 1,
        "scan_previews": [
          "https://images.ahmp.cz/mrimage/ahmp_watermark/image/cz/archives/CZ-321100010/NAD-157/dao/images/0022/8f4dae8d2437bfbdd2b832f13f0239e4.jpg/nahled_maly.jpg"
        ],
        "scan_zoomify_paths": [
          "https://images.ahmp.cz/mrimage/ahmp_watermark/zoomify/cz/archives/CZ-321100010/NAD-157/dao/images/0022/8f4dae8d2437bfbdd2b832f13f0239e4.jpg"
        ]
      }
    },
    {
      "type": "Feature",
      "geometry": {
        "type": "Point",
        "coordinates": [
          14.39081,
          50.10055
        ]
      },
      "properties": {
        "id": "536D9CF1611511E4B88BD4BED94BB14D",
        "group_id": "1ee410c0f281bd47180bdb04f1ea984539f2f32a",
        "kind": "pozitiv",
        "description": "Pohled na dům čp. 126 v Dejvicích ve Veleslavínově ulici (Žukovova, dnes Evropská). Vpravo stodola (čp. 11?) usedlosti Hadovka (čp. 10).",
        "date_label": "březen 1959",
        "start_date": "1959-03-01",
        "end_date": "1959-03-31",
        "author": "Hnilička, Eduard (1887-1967)",
        "signature": "I 11039",
        "note": "",
        "views": "97x",
        "geolocation_type": "regional.address",
        "scan_count": 1,
        "scan_previews": [
          "https://images.ahmp.cz/mrimage/ahmp_watermark/image/cz/archives/CZ-321100010/NAD-157/dao/images/0016/318d8fcf920e9841077d273ccb736a27.jpg/nahled_maly.jpg"
        ],
        "scan_zoomify_paths": [
          "https://images.ahmp.cz/mrimage/ahmp_watermark/zoomify/cz/archives/CZ-321100010/NAD-157/dao/images/0016/318d8fcf920e9841077d273ccb736a27.jpg"
        ]
      }
    },
    {
      "type": "Feature",
      "geometry": {
        "type": "Point",
        "coordinates": [
          14.39534,
          50.08934
        ]
      },
      "properties": {
        "id": "54AE0D7C50D311E79E0B406186009F3A",
        "group_id": "5831072880deb4574e996648225e9f64e599f1e7",
        "kind": "pohlednice",
        "description": "Pohled na osvětlený Pražský hrad z Hradčanského náměstí při příležitosti 10. výročí samostatnosti Československé republiky.",
        "date_label": "28.10.1928",
        "start_date": "1928-10-28",
        "end_date": "1928-10-28",
        "author": "Hackenschmied",
        "signature": "I 12027",
        "note": "",
        "views": "72x",
        "geolocation_type": "regional.address",
        "scan_count": 1,
        "scan_previews": [
          "https://images.ahmp.cz/mrimage/ahmp_watermark/image/cz/archives/CZ-321100010/NAD-157/dao/images/0024/682f7a40898b9dab20330457f279c91b.jpg/nahled_maly.jpg"
        ],
        "scan_zoomify_paths": [
          "https://images.ahmp.cz/mrimage/ahmp_watermark/zoomify/cz/archives/CZ-321100010/NAD-157/dao/images/0024/682f7a40898b9dab20330457f279c91b.jpg"
        ]
      }
    },
    {
      "type": "Feature",
      "geometry": {
        "type": "Point",
        "coordinates": [
          14.40131,
          50.08733
        ]
      },
      "properties": {
        "id": "61C7B5B979E011E3B274406186009F3A",
        "group_id": "42dc34a62444f7a8aa598b28360c6383fdf8a772",
        "kind": "pozitiv",
        "description": "Pohled na vrcholně barokní štukový strop Schönbornského paláce - domu čp. 365 na Malé Straně.",
        "date_label": "červen 1931",
        "start_date": "1931-06-01",
        "end_date": "1931-06-30",
        "author": "Vojta, Tomáš (1885-1934)",
        "signature": "I 9843",
        "note": "",
        "views": "20x",
        "geolocation_type": "regional.address",
        "scan_count": 1,
        "scan_previews": [
          "https://images.ahmp.cz/mrimage/ahmp_watermark/image/cz/archives/CZ-321100010/NAD-157/dao/images/0016/5b38f8a6ec998ed05757fa52bbd3d82f.jpg/nahled_maly.jpg"
        ],
        "scan_zoomify_paths": [
          "https://images.ahmp.cz/mrimage/ahmp_watermark/zoomify/cz/archives/CZ-321100010/NAD-157/dao/images/0016/5b38f8a6ec998ed05757fa52bbd3d82f.jpg"
        ]
      }
    },
    {
      "type": "Feature",
      "geometry": {
        "type": "Point",
        "coordinates": [
          14.43076,
          50.09537
        ]
      },
      "properties": {
        "id": "0A411BF1F1BC11E5A522000C76270B94",
        "group_id": "3ab1cbaa8403fa7947749d19cda122a0bd15aff9",
        "kind": "pozitiv",
        "description": "Pohled na zatopenou stavbu nového Helmovského jezu a poškozenou pěší lávku pro dělníky během velké vody.",
        "date_label": "3.7.1909",
        "start_date": "1909-07-03",
        "end_date": "1909-07-03",
        "author": "",
        "signature": "I 11621",
        "note": "",
        "views": "49x",
        "geolocation_type": "poi",
        "scan_count": 1,
        "scan_previews": [
          "https://images.ahmp.cz/mrimage/ahmp_watermark/image/cz/archives/CZ-321100010/NAD-157/dao/images/0023/c74205f03e35560d24aa464d9075c838.jpg/nahled_maly.jpg"
        ],
        "scan_zoomify_paths": [
          "https://images.ahmp.cz/mrimage/ahmp_watermark/zoomify/cz/archives/CZ-321100010/NAD-157/dao/images/0023/c74205f03e35560d24aa464d9075c838.jpg"
        ]
      }
    },
    {
      "type": "Feature",
      "geometry": {
        "type": "Point",
        "coordinates": [
          14.40194,
          50.08162
        ]
      },
      "properties": {
        "id": "117829B617DA11E891E8406186009F3A",
        "group_id": "3b37743897ee8bd830c98c082851b1eb4022a7af",
        "kind": "pozitiv",
        "description": "Pohled na osvětlený pomník Karla Hynka Máchy v Petřínských sadech na Malé Straně při příležitosti 10. výročí samostatnosti Československé republiky.",
        "date_label": "28.10.1928",
        "start_date": "1928-10-28",
        "end_date": "1928-10-28",
        "author": "Vopravil, Josef (1902-1972)",
        "signature": "I 12076",
        "note": "",
        "views": "39x",
        "geolocation_type": "poi",
        "scan_count": 1,
        "scan_previews": [
          "https://images.ahmp.cz/mrimage/ahmp_watermark/image/cz/archives/CZ-321100010/NAD-157/dao/images/0024/58a7640644085ed1d98082c2b1557407.jpg/nahled_maly.jpg"
        ],
        "scan_zoomify_paths": [
          "https://images.ahmp.cz/mrimage/ahmp_watermark/zoomify/cz/archives/CZ-321100010/NAD-157/dao/images/0024/58a7640644085ed1d98082c2b1557407.jpg"
        ]
      }
    },
    {
      "type": "Feature",
      "geometry": {
        "type": "Point",
        "coordinates": [
          14.39995,
          50.09041
        ]
      },
      "properties": {
        "id": "4E033C0ED64411E5A67174D435EEBE90",
        "group_id": "024fc6ba2aa2fd3a41c5beb06701fb8d75c6de2c",
        "kind": "pozitiv",
        "description": "Pohled na jihozápadní stranu chrámu sv. Víta z třetího nádvoří Pražského hradu před začátkem přestavby. Na nádvoří kašna se sochou sv. Jiří.",
        "date_label": "kol.1870",
        "start_date": "1870-01-01",
        "end_date": "1870-12-31",
        "author": "Fridrich, František (1829-1892)",
        "signature": "I 11518",
        "note": "",
        "views": "45x",
        "geolocation_type": "regional.address",
        "scan_count": 1,
        "scan_previews": [
          "https://images.ahmp.cz/mrimage/ahmp_watermark/image/cz/archives/CZ-321100010/NAD-157/dao/images/0025/638160b9c6c036bc67dc0389c4ddef1e.jpg/nahled_maly.jpg"
        ],
        "scan_zoomify_paths": [
          "https://images.ahmp.cz/mrimage/ahmp_watermark/zoomify/cz/archives/CZ-321100010/NAD-157/dao/images/0025/638160b9c6c036bc67dc0389c4ddef1e.jpg"
        ]
      }
    },
    {
      "type": "Feature",
      "geometry": {
        "type": "Point",
        "coordinates": [
          14.40131,
          50.08733
        ]
      },
      "properties": {
        "id": "51071D0C7D2411E3BE26406186009F3A",
        "group_id": "b24abcb5b653cce614bf450037e607e0f4226641",
        "kind": "pozitiv",
        "description": "Interiér stáje Schönbornského paláce - domu čp. 365 na Malé Straně.",
        "date_label": "",
        "start_date": "",
        "end_date": "",
        "author": "",
        "signature": "I 9883",
        "note": "",
        "views": "19x",
        "geolocation_type": "regional.address",
        "scan_count": 1,
        "scan_previews": [
          "https://images.ahmp.cz/mrimage/ahmp_watermark/image/cz/archives/CZ-321100010/NAD-157/dao/images/0016/85082cefb2e37cec45c403bf10bd78c9.jpg/nahled_maly.jpg"
        ],
        "scan_zoomify_paths": [
          "https://images.ahmp.cz/mrimage/ahmp_watermark/zoomify/cz/archives/CZ-321100010/NAD-157/dao/images/0016/85082cefb2e37cec45c403bf10bd78c9.jpg"
        ]
      }
    },
    {
      "type": "Feature",
      "geometry": {
        "type": "Point",
        "coordinates": [
          14.40491,
          50.08866
        ]
      },
      "properties": {
        "id": "5489725E81DA11E3B4B96C626D41E503",
        "group_id": "8a1cf6bfc9b9fe331346dc68e568be613d08bc83",
        "kind": "pozitiv",
        "description": "Pohled s kupole kostela sv. Mikuláše na část severovýchodní strany Malostranského náměstí s domy (zprava) čp. 35, čp. 27, čp. 518 na Malé Straně. V pozadí kostel sv. Tomáše.",
        "date_label": "1940-1945",
        "start_date": "1940-01-01",
        "end_date": "1945-12-31",
        "author": "",
        "signature": "I 9897",
        "note": "",
        "views": "47x",
        "geolocation_type": "regional.address",
        "scan_count": 1,
        "scan_previews": [
          "https://images.ahmp.cz/mrimage/ahmp_watermark/image/cz/archives/CZ-321100010/NAD-157/dao/images/0022/a8adffaf3b40dfe3b0a478a3114cb233.jpg/nahled_maly.jpg"
        ],
        "scan_zoomify_paths": [
          "https://images.ahmp.cz/mrimage/ahmp_watermark/zoomify/cz/archives/CZ-321100010/NAD-157/dao/images/0022/a8adffaf3b40dfe3b0a478a3114cb233.jpg"
        ]
      }
    },
    {
      "type": "Feature",
      "geometry": {
        "type": "Point",
        "coordinates": [
          14.38792,
          50.08055
        ]
      },
      "properties": {
        "id": "4D7804A087DA11E79100406186009F3A",
        "group_id": "ac950e2cb186a033e48f99b8cb76b6e1555a95e1",
        "kind": "pozitiv",
        "description": "Cvičenkyně během X. všesokolského sletu na Strahově.",
        "date_label": "červen 1938",
        "start_date": "1938-06-01",
        "end_date": "1938-06-30",
        "author": "",
        "signature": "I 12196",
        "note": "",
        "views": "32x",
        "geolocation_type": "poi",
        "scan_count": 1,
        "scan_previews": [
          "https://images.ahmp.cz/mrimage/ahmp_watermark/image/cz/archives/CZ-321100010/NAD-157/dao/images/0024/53db831c2ebf62c61b107c3e7c8935cc.jpg/nahled_maly.jpg"
        ],
        "scan_zoomify_paths": [
          "https://images.ahmp.cz/mrimage/ahmp_watermark/zoomify/cz/archives/CZ-321100010/NAD-157/dao/images/0024/53db831c2ebf62c61b107c3e7c8935cc.jpg"
        ]
      }
    },
    {
      "type": "Feature",
      "geometry": {
        "type": "Point",
        "coordinates": [
          14.4369,
          50.09567
        ]
      },
      "properties": {
        "id": "4B695DBA4F2411E6A549000C76270B94",
        "group_id": "980405000292d23abb715b6743ce525a5a45c59f",
        "kind": "pozitiv",
        "description": "Pohled na betonování základu nového Helmovského jezu pod novostavbou železné části Hlávkova mostu. V pozadí provizorní dřevěný most (Hlávkův).",
        "date_label": "8.10.1909",
        "start_date": "1909-10-08",
        "end_date": "1909-10-08",
        "author": "",
        "signature": "I 11716",
        "note": "",
        "views": "41x",
        "geolocation_type": "regional.street",
        "scan_count": 1,
        "scan_previews": [
          "https://images.ahmp.cz/mrimage/ahmp_watermark/image/cz/archives/CZ-321100010/NAD-157/dao/images/0023/3518320e5f7776a699e31b500152fb97.jpg/nahled_maly.jpg"
        ],
        "scan_zoomify_paths": [
          "https://images.ahmp.cz/mrimage/ahmp_watermark/zoomify/cz/archives/CZ-321100010/NAD-157/dao/images/0023/3518320e5f7776a699e31b500152fb97.jpg"
        ]
      }
    },
    {
      "type": "Feature",
      "geometry": {
        "type": "Point",
        "coordinates": [
          14.42801,
          50.08681
        ]
      },
      "properties": {
        "id": "596F31D95A4111E7A69B406186009F3A",
        "group_id": "b7f40f37562987e1ffb28b3b40dc4361286230b7",
        "kind": "pozitiv",
        "description": "Pohled na stavbu domu čp. 969 na nároží ulice Celetné a Na Příkopě na Starém Městě. V pozadí Prašná brána a dům čp. 862 na Novém Městě.",
        "date_label": "kol.1930",
        "start_date": "1930-01-01",
        "end_date": "1930-12-31",
        "author": "Pollak",
        "signature": "I 12111",
        "note": "",
        "views": "120x",
        "geolocation_type": "regional.address",
        "scan_count": 1,
        "scan_previews": [
          "https://images.ahmp.cz/mrimage/ahmp_watermark/image/cz/archives/CZ-321100010/NAD-157/dao/images/0024/1c108458f59b5b4b1ebf15f077098e1a.jpg/nahled_maly.jpg"
        ],
        "scan_zoomify_paths": [
          "https://images.ahmp.cz/mrimage/ahmp_watermark/zoomify/cz/archives/CZ-321100010/NAD-157/dao/images/0024/1c108458f59b5b4b1ebf15f077098e1a.jpg"
        ]
      }
    },
    {
      "type": "Feature",
      "geometry": {
        "type": "Point",
        "coordinates": [
          14.43549,
          50.08356
        ]
      },
      "properties": {
        "id": "5C67EB5F2F2711E3B673406186009F3A",
        "group_id": "07b649c98257cee3e5cdb7646a043b99fd19b808",
        "kind": "pozitiv",
        "description": "Celkový pohled na nádraží císaře Františka Josefa I. (dům čp. 300 na Vinohradech) od Vinohrad. V popředí kolejiště s vlaky.",
        "date_label": "kol.1900",
        "start_date": "1900-01-01",
        "end_date": "1900-12-31",
        "author": "",
        "signature": "I 9809",
        "note": "",
        "views": "118x",
        "geolocation_type": "regional.address",
        "scan_count": 1,
        "scan_previews": [
          "https://images.ahmp.cz/mrimage/ahmp_watermark/image/cz/archives/CZ-321100010/NAD-157/dao/images/0016/d41aa48d0b686605dd13714f7ab4f379.jpg/nahled_maly.jpg"
        ],
        "scan_zoomify_paths": [
          "https://images.ahmp.cz/mrimage/ahmp_watermark/zoomify/cz/archives/CZ-321100010/NAD-157/dao/images/0016/d41aa48d0b686605dd13714f7ab4f379.jpg"
        ]
      }
    },
    {
      "type": "Feature",
      "geometry": {
        "type": "Point",
        "coordinates": [
          14.38792,
          50.08055
        ]
      },
      "properties": {
        "id": "138BE7C487DE11E79100406186009F3A",
        "group_id": "e35c0932d6dd809d64c87d4888249617837fbf88",
        "kind": "pozitiv",
        "description": "Cvičení dorostenců a dorostenkyň během X. všesokolského sletu na Strahově.",
        "date_label": "červen 1938",
        "start_date": "1938-06-01",
        "end_date": "1938-06-30",
        "author": "",
        "signature": "I 12203",
        "note": "",
        "views": "33x",
        "geolocation_type": "poi",
        "scan_count": 1,
        "scan_previews": [
          "https://images.ahmp.cz/mrimage/ahmp_watermark/image/cz/archives/CZ-321100010/NAD-157/dao/images/0024/d449e8095ea292045a04d8146713e42d.jpg/nahled_maly.jpg"
        ],
        "scan_zoomify_paths": [
          "https://images.ahmp.cz/mrimage/ahmp_watermark/zoomify/cz/archives/CZ-321100010/NAD-157/dao/images/0024/d449e8095ea292045a04d8146713e42d.jpg"
        ]
      }
    },
    {
      "type": "Feature",
      "geometry": {
        "type": "Point",
        "coordinates": [
          14.38965,
          50.08106
        ]
      },
      "properties": {
        "id": "5266BCD0B85411E5AA08D4BED94BB14D",
        "group_id": "c3b57d370b5a6655e36cc35ce3198747768885a5",
        "kind": "pozitiv",
        "description": "Pohled z okraje strahovských lomů na území Břevnova - 1. část panoramatu.",
        "date_label": "16.5.1925",
        "start_date": "1925-05-16",
        "end_date": "1925-05-16",
        "author": "Alexander, Antonín (1892-působnost do 1948)",
        "signature": "I 11449",
        "note": "",
        "views": "55x",
        "geolocation_type": "regional.address",
        "scan_count": 1,
        "scan_previews": [
          "https://images.ahmp.cz/mrimage/ahmp_watermark/image/cz/archives/CZ-321100010/NAD-157/dao/images/0016/8f6b58a6cde418c552fefe39a2cb5bb8.jpg/nahled_maly.jpg"
        ],
        "scan_zoomify_paths": [
          "https://images.ahmp.cz/mrimage/ahmp_watermark/zoomify/cz/archives/CZ-321100010/NAD-157/dao/images/0016/8f6b58a6cde418c552fefe39a2cb5bb8.jpg"
        ]
      }
    },
    {
      "type": "Feature",
      "geometry": {
        "type": "Point",
        "coordinates": [
          14.39148,
          50.07167
        ]
      },
      "properties": {
        "id": "530701402FB711E5A57D74D435EEBE90",
        "group_id": "db4c2622cf9747540a312c36f6ccb4e32419bea2",
        "kind": "pozitiv",
        "description": "Pohled na hroby na Malostranském hřbitově na Smíchově při zdi do Plzeňské ulice - původní stav.",
        "date_label": "26.9.1926",
        "start_date": "1926-09-26",
        "end_date": "1926-09-26",
        "author": "Alexander, Antonín (1892-působnost do 1948)",
        "signature": "I 11243",
        "note": "",
        "views": "85x",
        "geolocation_type": "poi",
        "scan_count": 1,
        "scan_previews": [
          "https://images.ahmp.cz/mrimage/ahmp_watermark/image/cz/archives/CZ-321100010/NAD-157/dao/images/0023/418bc5e164a7b88ee731047780d4458e.jpg/nahled_maly.jpg"
        ],
        "scan_zoomify_paths": [
          "https://images.ahmp.cz/mrimage/ahmp_watermark/zoomify/cz/archives/CZ-321100010/NAD-157/dao/images/0023/418bc5e164a7b88ee731047780d4458e.jpg"
        ]
      }
    },
    {
      "type": "Feature",
      "geometry": {
        "type": "Point",
        "coordinates": [
          14.36315,
          50.06537
        ]
      },
      "properties": {
        "id": "5C6DFC94878F11E5A334406186009F3A",
        "group_id": "0ba03bfc3349ac3b23205622650ea54dd715cc3b",
        "kind": "pozitiv",
        "description": "Panoramatický pohled na stráň vedoucí od konce Košíř k Cibulce v pohledovém kruhu od jihu přes západ k severozápadu. Terén je upravován pro vilovou zástavbu, z nichž některé mají hotové už přízemí. Druhý díl třídílného panoramatu.",
        "date_label": "16.10.1924",
        "start_date": "1924-10-16",
        "end_date": "1924-10-16",
        "author": "Alexander, Antonín (1892-působnost do 1948)",
        "signature": "I 11366",
        "note": "",
        "views": "73x",
        "geolocation_type": "regional.address",
        "scan_count": 1,
        "scan_previews": [
          "https://images.ahmp.cz/mrimage/ahmp_watermark/image/cz/archives/CZ-321100010/NAD-157/dao/images/0023/a8fa0b8d6b86caae6bea3d5ce15e7c1f.jpg/nahled_maly.jpg"
        ],
        "scan_zoomify_paths": [
          "https://images.ahmp.cz/mrimage/ahmp_watermark/zoomify/cz/archives/CZ-321100010/NAD-157/dao/images/0023/a8fa0b8d6b86caae6bea3d5ce15e7c1f.jpg"
        ]
      }
    },
    {
      "type": "Feature",
      "geometry": {
        "type": "Point",
        "coordinates": [
          14.4453,
          50.1088
        ]
      },
      "properties": {
        "id": "63755488787511E3BA46406186009F3A",
        "group_id": "5587f76535653c30aadeeef5f0b972a07ceb9c32",
        "kind": "pozitiv",
        "description": "Celkový pohled na dům čp. 31 (budova statku) v Holešovicích.",
        "date_label": "1958",
        "start_date": "1958-01-01",
        "end_date": "1958-12-31",
        "author": "Hnilička, Eduard (1887-1967)",
        "signature": "I 9834",
        "note": "",
        "views": "48x",
        "geolocation_type": "regional.address",
        "scan_count": 1,
        "scan_previews": [
          "https://images.ahmp.cz/mrimage/ahmp_watermark/image/cz/archives/CZ-321100010/NAD-157/dao/images/0016/e633e76d0503361558f122dd07d996f1.jpg/nahled_maly.jpg"
        ],
        "scan_zoomify_paths": [
          "https://images.ahmp.cz/mrimage/ahmp_watermark/zoomify/cz/archives/CZ-321100010/NAD-157/dao/images/0016/e633e76d0503361558f122dd07d996f1.jpg"
        ]
      }
    },
    {
      "type": "Feature",
      "geometry": {
        "type": "Point",
        "coordinates": [
          14.65189,
          50.17156
        ]
      },
      "properties": {
        "id": "621FB8B0289A11E6BCEA406186009F3A",
        "group_id": "5d344b7adf65a5ae648d8708488a4ff9bd1feba4",
        "kind": "pozitiv",
        "description": "Pohled do Platnéřské ulice s domy čp. 84, 1042 a 85 vpravo a s klášterem křižovníků (dům čp. 109 na Starém Městě) vlevo. V pozadí chrám sv. Víta na Pražském hradě.",
        "date_label": "1900-1905",
        "start_date": "1900-01-01",
        "end_date": "1905-12-31",
        "author": "Fink, František (1854-1935)",
        "signature": "X 8564",
        "note": "",
        "views": "44x",
        "geolocation_type": "regional.address",
        "scan_count": 1,
        "scan_previews": [
          "https://images.ahmp.cz/mrimage/ahmp_watermark/image/cz/archives/CZ-321100010/NAD-157/dao/images/0023/135c3cdac1012f77bec3550182fcd996.jpg/nahled_maly.jpg"
        ],
        "scan_zoomify_paths": [
          "https://images.ahmp.cz/mrimage/ahmp_watermark/zoomify/cz/archives/CZ-321100010/NAD-157/dao/images/0023/135c3cdac1012f77bec3550182fcd996.jpg"
        ]
      }
    },
    {
      "type": "Feature",
      "geometry": {
        "type": "Point",
        "coordinates": [
          14.37935,
          50.08823
        ]
      },
      "properties": {
        "id": "054589CFB61511E58B3BD4BED94BB14D",
        "group_id": "125ec484f671519a2532a04f9211e6f3053b40c6",
        "kind": "pozitiv",
        "description": "Pohled na usedlost Malovanka (dům čp. 34 v Břevnově - dnes dům čp. 123 ve Střešovicích) - severní průčelí staré části v ulici Na Malovance.",
        "date_label": "6.9.1943",
        "start_date": "1943-09-06",
        "end_date": "1943-09-06",
        "author": "Alexander, Antonín (1892-působnost do 1948)",
        "signature": "I 11429",
        "note": "",
        "views": "110x",
        "geolocation_type": "regional.address",
        "scan_count": 1,
        "scan_previews": [
          "https://images.ahmp.cz/mrimage/ahmp_watermark/image/cz/archives/CZ-321100010/NAD-157/dao/images/0016/87fd0caaa9f3517c75dfa1ec616e45bf.jpg/nahled_maly.jpg"
        ],
        "scan_zoomify_paths": [
          "https://images.ahmp.cz/mrimage/ahmp_watermark/zoomify/cz/archives/CZ-321100010/NAD-157/dao/images/0016/87fd0caaa9f3517c75dfa1ec616e45bf.jpg"
        ]
      }
    },
    {
      "type": "Feature",
      "geometry": {
        "type": "Point",
        "coordinates": [
          14.44069,
          50.09758
        ]
      },
      "properties": {
        "id": "15020B3DEA8E11E5A51F000C76270B94",
        "group_id": "98b2605b9138eebc0ebc46aadac0ebfa2e3d18a5",
        "kind": "pozitiv",
        "description": "Pohled na vykládání krycích desek pro plavební komoru u ostrova Štvanice z lodě pod Negrelliho viaduktem. V pozadí provizorní dřevěný most (Hlávkův).",
        "date_label": "30.2.1909",
        "start_date": "",
        "end_date": "",
        "author": "",
        "signature": "I 11597",
        "note": "",
        "views": "143x",
        "geolocation_type": "poi",
        "scan_count": 1,
        "scan_previews": [
          "https://images.ahmp.cz/mrimage/ahmp_watermark/image/cz/archives/CZ-321100010/NAD-157/dao/images/0023/8b93e5fce17546e2c9e7640b213078aa.jpg/nahled_maly.jpg"
        ],
        "scan_zoomify_paths": [
          "https://images.ahmp.cz/mrimage/ahmp_watermark/zoomify/cz/archives/CZ-321100010/NAD-157/dao/images/0023/8b93e5fce17546e2c9e7640b213078aa.jpg"
        ]
      }
    },
    {
      "type": "Feature",
      "geometry": {
        "type": "Point",
        "coordinates": [
          14.4369,
          50.09567
        ]
      },
      "properties": {
        "id": "15A9A5A2639111E6A553000C76270B94",
        "group_id": "9bfd4d3fdea0538b45f9c8abb5936e329b9ff2e7",
        "kind": "pozitiv",
        "description": "Pohled na odkrytý starý jez u Helmovských mlýnů během výstavby plavebních komor u ostrova Štvanice. V pozadí novostavba železné části Hlávkova mostu.",
        "date_label": "3.6.1910",
        "start_date": "1910-06-03",
        "end_date": "1910-06-03",
        "author": "",
        "signature": "I 11832",
        "note": "",
        "views": "44x",
        "geolocation_type": "regional.street",
        "scan_count": 1,
        "scan_previews": [
          "https://images.ahmp.cz/mrimage/ahmp_watermark/image/cz/archives/CZ-321100010/NAD-157/dao/images/0023/ceb7028bf898675d78c20965caae4728.jpg/nahled_maly.jpg"
        ],
        "scan_zoomify_paths": [
          "https://images.ahmp.cz/mrimage/ahmp_watermark/zoomify/cz/archives/CZ-321100010/NAD-157/dao/images/0023/ceb7028bf898675d78c20965caae4728.jpg"
        ]
      }
    },
    {
      "type": "Feature",
      "geometry": {
        "type": "Point",
        "coordinates": [
          14.44021,
          50.09583
        ]
      },
      "properties": {
        "id": "5BECB8365EC811E6A551000C76270B94",
        "group_id": "708e12bd9d77f660d3339e7cf59687a5632f5e74",
        "kind": "pozitiv",
        "description": "Pohled ze špičky ostrova Štvanice na naplavený led na začátku plavebního kanálu v dnešním pravém rameni Vltavy. V pozadí domy Petrské čtvrti na Novém Městě.",
        "date_label": "5.2.1909",
        "start_date": "1909-02-05",
        "end_date": "1909-02-05",
        "author": "",
        "signature": "I 11784",
        "note": "",
        "views": "65x",
        "geolocation_type": "regional.address",
        "scan_count": 1,
        "scan_previews": [
          "https://images.ahmp.cz/mrimage/ahmp_watermark/image/cz/archives/CZ-321100010/NAD-157/dao/images/0023/7c15dc0e9b54f2da6ffa1444722efdc6.jpg/nahled_maly.jpg"
        ],
        "scan_zoomify_paths": [
          "https://images.ahmp.cz/mrimage/ahmp_watermark/zoomify/cz/archives/CZ-321100010/NAD-157/dao/images/0023/7c15dc0e9b54f2da6ffa1444722efdc6.jpg"
        ]
      }
    },
    {
      "type": "Feature",
      "geometry": {
        "type": "Point",
        "coordinates": [
          14.39148,
          50.07167
        ]
      },
      "properties": {
        "id": "0CA0104D2FBF11E5A57D74D435EEBE90",
        "group_id": "3792d61410789bcd638bd155cec7e564918df131",
        "kind": "pozitiv",
        "description": "Pohled na náhrobní desku na Malostranském hřbitově na Smíchově při zdi do Plzeňské ulice - původní stav. Rodina Ferdinandi.",
        "date_label": "23.3.1927",
        "start_date": "1927-03-23",
        "end_date": "1927-03-23",
        "author": "Alexander, Antonín (1892-působnost do 1948)",
        "signature": "I 11265",
        "note": "",
        "views": "75x",
        "geolocation_type": "poi",
        "scan_count": 1,
        "scan_previews": [
          "https://images.ahmp.cz/mrimage/ahmp_watermark/image/cz/archives/CZ-321100010/NAD-157/dao/images/0023/86f3968f7fe8314258080005c20fdca4.jpg/nahled_maly.jpg"
        ],
        "scan_zoomify_paths": [
          "https://images.ahmp.cz/mrimage/ahmp_watermark/zoomify/cz/archives/CZ-321100010/NAD-157/dao/images/0023/86f3968f7fe8314258080005c20fdca4.jpg"
        ]
      }
    },
    {
      "type": "Feature",
      "geometry": {
        "type": "Point",
        "coordinates": [
          14.39148,
          50.07167
        ]
      },
      "properties": {
        "id": "58B62D542FBF11E5A57D74D435EEBE90",
        "group_id": "45da8fabee66ad2705c1a4f2938ae8b3d165dd83",
        "kind": "pozitiv",
        "description": "Pohled na náhrobní desky na Malostranském hřbitově na Smíchově při zdi do Plzeňské ulice - původní stav.",
        "date_label": "23.3.1927",
        "start_date": "1927-03-23",
        "end_date": "1927-03-23",
        "author": "Alexander, Antonín (1892-působnost do 1948)",
        "signature": "I 11266",
        "note": "",
        "views": "71x",
        "geolocation_type": "poi",
        "scan_count": 1,
        "scan_previews": [
          "https://images.ahmp.cz/mrimage/ahmp_watermark/image/cz/archives/CZ-321100010/NAD-157/dao/images/0023/ce6dac28fe694e4072c8cc8d544dc8d2.jpg/nahled_maly.jpg"
        ],
        "scan_zoomify_paths": [
          "https://images.ahmp.cz/mrimage/ahmp_watermark/zoomify/cz/archives/CZ-321100010/NAD-157/dao/images/0023/ce6dac28fe694e4072c8cc8d544dc8d2.jpg"
        ]
      }
    },
    {
      "type": "Feature",
      "geometry": {
        "type": "Point",
        "coordinates": [
          14.43056,
          50.07918
        ]
      },
      "properties": {
        "id": "023BE336990811E5BFC4406186009F3A",
        "group_id": "a37347588bf6d292adc23436514ffd93d514fa46",
        "kind": "negativ",
        "description": "Pohled na Václavské náměstí od ústí Vodičkovy ulice (z patra domu čp. 791-II) k Národnímu muzeu.",
        "date_label": "1910",
        "start_date": "1910-01-01",
        "end_date": "1910-12-31",
        "author": "Reach, Zikmund (1859-1935)",
        "signature": "X 2140",
        "note": "",
        "views": "75x",
        "geolocation_type": "regional.address",
        "scan_count": 1,
        "scan_previews": [
          "https://images.ahmp.cz/mrimage/ahmp_watermark/image/cz/archives/CZ-321100010/NAD-157/dao/images/0022/68a0be2cfb429e4a8e89572b090a6223.jpg/nahled_maly.jpg"
        ],
        "scan_zoomify_paths": [
          "https://images.ahmp.cz/mrimage/ahmp_watermark/zoomify/cz/archives/CZ-321100010/NAD-157/dao/images/0022/68a0be2cfb429e4a8e89572b090a6223.jpg"
        ]
      }
    },
    {
      "type": "Feature",
      "geometry": {
        "type": "Point",
        "coordinates": [
          14.41426,
          50.08298
        ]
      },
      "properties": {
        "id": "4C3CA5DE81D611E3B4B96C626D41E503",
        "group_id": "26d424a872b0861498d7267d989e3e3ec4f4fb9e",
        "kind": "pozitiv",
        "description": "Pohled do dvora domu čp. 320 na Starém Městě v ulici Karoliny Světlé.",
        "date_label": "před 1926",
        "start_date": "1800-01-01",
        "end_date": "1925-12-31",
        "author": "Vojta, Tomáš (1885-1934)",
        "signature": "I 9890",
        "note": "",
        "views": "29x",
        "geolocation_type": "regional.address",
        "scan_count": 1,
        "scan_previews": [
          "https://images.ahmp.cz/mrimage/ahmp_watermark/image/cz/archives/CZ-321100010/NAD-157/dao/images/0022/332ab6ff0c6b122e00f94f9ce5432c3d.jpg/nahled_maly.jpg"
        ],
        "scan_zoomify_paths": [
          "https://images.ahmp.cz/mrimage/ahmp_watermark/zoomify/cz/archives/CZ-321100010/NAD-157/dao/images/0022/332ab6ff0c6b122e00f94f9ce5432c3d.jpg"
        ]
      }
    },
    {
      "type": "Feature",
      "geometry": {
        "type": "Point",
        "coordinates": [
          14.40131,
          50.08733
        ]
      },
      "properties": {
        "id": "555D9B517C7211E3BFE4406186009F3A",
        "group_id": "8907a31259faf537bcb66404867bcd806a7f939e",
        "kind": "pozitiv",
        "description": "Kamna v interiéru Schönbornského paláce - domu čp. 365 na Malé Straně.",
        "date_label": "červen 1931",
        "start_date": "1931-06-01",
        "end_date": "1931-06-30",
        "author": "Vojta, Tomáš (1885-1934)",
        "signature": "I 9862",
        "note": "",
        "views": "22x",
        "geolocation_type": "regional.address",
        "scan_count": 1,
        "scan_previews": [
          "https://images.ahmp.cz/mrimage/ahmp_watermark/image/cz/archives/CZ-321100010/NAD-157/dao/images/0016/7a8acb2b505862dd90157a400c164005.jpg/nahled_maly.jpg"
        ],
        "scan_zoomify_paths": [
          "https://images.ahmp.cz/mrimage/ahmp_watermark/zoomify/cz/archives/CZ-321100010/NAD-157/dao/images/0016/7a8acb2b505862dd90157a400c164005.jpg"
        ]
      }
    },
    {
      "type": "Feature",
      "geometry": {
        "type": "Point",
        "coordinates": [
          14.4369,
          50.09567
        ]
      },
      "properties": {
        "id": "1041436D62DA11E6A552000C76270B94",
        "group_id": "ba40d38f863dbd327f23882c3320f4a95578f323",
        "kind": "pozitiv",
        "description": "Pohled na spouštění přepravené lodi na vodu nad novým Helmovským jezem. V pozadí provizorní dřevěný most (Hlávkův).",
        "date_label": "26.3.1910",
        "start_date": "1910-03-26",
        "end_date": "1910-03-26",
        "author": "",
        "signature": "I 11816",
        "note": "",
        "views": "57x",
        "geolocation_type": "regional.street",
        "scan_count": 1,
        "scan_previews": [
          "https://images.ahmp.cz/mrimage/ahmp_watermark/image/cz/archives/CZ-321100010/NAD-157/dao/images/0023/a9e566d9cbdebefee9a6cf8419952f3b.jpg/nahled_maly.jpg"
        ],
        "scan_zoomify_paths": [
          "https://images.ahmp.cz/mrimage/ahmp_watermark/zoomify/cz/archives/CZ-321100010/NAD-157/dao/images/0023/a9e566d9cbdebefee9a6cf8419952f3b.jpg"
        ]
      }
    },
    {
      "type": "Feature",
      "geometry": {
        "type": "Point",
        "coordinates": [
          14.4369,
          50.09567
        ]
      },
      "properties": {
        "id": "13F439EB53DB11E6A54D000C76270B94",
        "group_id": "64478b43b019e56b02ff31a5caf960d49b6c20b6",
        "kind": "pozitiv",
        "description": "Pohled na stavbu špičky ostrova Štvanice. V pozadí provizorní dřevěný most (Hlávkův).",
        "date_label": "23.9.1908",
        "start_date": "1908-09-23",
        "end_date": "1908-09-23",
        "author": "",
        "signature": "I 11756",
        "note": "",
        "views": "54x",
        "geolocation_type": "regional.street",
        "scan_count": 1,
        "scan_previews": [
          "https://images.ahmp.cz/mrimage/ahmp_watermark/image/cz/archives/CZ-321100010/NAD-157/dao/images/0023/584ab46514e0e299c3c3baac01cc65cb.jpg/nahled_maly.jpg"
        ],
        "scan_zoomify_paths": [
          "https://images.ahmp.cz/mrimage/ahmp_watermark/zoomify/cz/archives/CZ-321100010/NAD-157/dao/images/0023/584ab46514e0e299c3c3baac01cc65cb.jpg"
        ]
      }
    },
    {
      "type": "Feature",
      "geometry": {
        "type": "Point",
        "coordinates": [
          14.42009,
          50.087
        ]
      },
      "properties": {
        "id": "62B022712DAB11E89EFE74D435EEBE90",
        "group_id": "b79c2acfc75b5cf6f23481943de32edcf211f551",
        "kind": "negativ",
        "description": "Celkový pohled na jižní a východní průčelí Staroměstské radnice (dům čp. 1 na Starém Městě).",
        "date_label": "kol.1925",
        "start_date": "1925-01-01",
        "end_date": "1925-12-31",
        "author": "Vojta, Tomáš (1885-1934)",
        "signature": "X 5114",
        "note": "",
        "views": "27x",
        "geolocation_type": "regional.address",
        "scan_count": 1,
        "scan_previews": [
          "https://images.ahmp.cz/mrimage/ahmp_watermark/image/cz/archives/CZ-321100010/NAD-157/dao/images/0024/a0b13894034ffae49c73ae20d5219266.jpg/nahled_maly.jpg"
        ],
        "scan_zoomify_paths": [
          "https://images.ahmp.cz/mrimage/ahmp_watermark/zoomify/cz/archives/CZ-321100010/NAD-157/dao/images/0024/a0b13894034ffae49c73ae20d5219266.jpg"
        ]
      }
    },
    {
      "type": "Feature",
      "geometry": {
        "type": "Point",
        "coordinates": [
          14.39178,
          50.02443
        ]
      },
      "properties": {
        "id": "4E497311AEB111E3B51C406186009F3A",
        "group_id": "11d753b5d59cc7075a08837000a0815ff1ccbc0c",
        "kind": "pozitiv",
        "description": "Pohled ze stráně nad Malou Chuchlí k jihu na zalesněný kopec mezi Chuchlí a Slivencem. Součást panoramatu.",
        "date_label": "17.6.1927",
        "start_date": "1927-06-17",
        "end_date": "1927-06-17",
        "author": "Alexander, Antonín (1892-působnost do 1948)",
        "signature": "I 9908",
        "note": "",
        "views": "26x",
        "geolocation_type": "regional.address",
        "scan_count": 1,
        "scan_previews": [
          "https://images.ahmp.cz/mrimage/ahmp_watermark/image/cz/archives/CZ-321100010/NAD-157/dao/images/0016/a180cfda645fe268efed170fdc5c6ef3.jpg/nahled_maly.jpg"
        ],
        "scan_zoomify_paths": [
          "https://images.ahmp.cz/mrimage/ahmp_watermark/zoomify/cz/archives/CZ-321100010/NAD-157/dao/images/0016/a180cfda645fe268efed170fdc5c6ef3.jpg"
        ]
      }
    },
    {
      "type": "Feature",
      "geometry": {
        "type": "Point",
        "coordinates": [
          14.41783,
          50.08711
        ]
      },
      "properties": {
        "id": "5412ab63824648ef8618176e2545639c",
        "group_id": "72c918fc5f7e5ce30027d05c0b7ef6e605ac6aef",
        "kind": "pozitiv",
        "description": "Pohled na stavbu budovy Magistrátu hlavního města Prahy (dům čp. 2) na Mariánském náměstí na Starém Městě. V pozadí Platnéřská a Valentinská ulice.",
        "date_label": "1909-1910",
        "start_date": "1909-01-01",
        "end_date": "1910-12-31",
        "author": "",
        "signature": "I 12873",
        "note": "",
        "views": "12x",
        "geolocation_type": "regional.address",
        "scan_count": 2,
        "scan_previews": [
          "https://images.ahmp.cz/mrimage/ahmp_watermark/image/cz/archives/CZ-321100010/global-dao/images/0101/ad0e3852dc2ec9864794a1e79683f622.jpg/nahled_maly.jpg",
          "https://images.ahmp.cz/mrimage/ahmp_watermark/image/cz/archives/CZ-321100010/global-dao/images/0101/ad0e3852dc2ec9864794a1e79683f622.jpg/nahled_maly.jpg"
        ],
        "scan_zoomify_paths": [
          "https://images.ahmp.cz/mrimage/ahmp_watermark/zoomify/cz/archives/CZ-321100010/global-dao/images/0101/ad0e3852dc2ec9864794a1e79683f622.jpg",
          "https://images.ahmp.cz/mrimage/ahmp_watermark/zoomify/cz/archives/CZ-321100010/global-dao/images/0101/ad0e3852dc2ec9864794a1e79683f622.jpg"
        ]
      }
    },
    {
      "type": "Feature",
      "geometry": {
        "type": "Point",
        "coordinates": [
          14.40473,
          50.02294
        ]
      },
      "properties": {
        "id": "4F89AEC2D29D11E6BE58406186009F3A",
        "group_id": "8132217047311331f2849a4b4ec858b910d29385",
        "kind": "pozitiv",
        "description": "Průhled Modřanskou ulicí v Hodkovičkách s domy (zprava) čp. 30, 14 a 12.",
        "date_label": "",
        "start_date": "",
        "end_date": "",
        "author": "",
        "signature": "I 11901",
        "note": "",
        "views": "36x",
        "geolocation_type": "regional.address",
        "scan_count": 1,
        "scan_previews": [
          "https://images.ahmp.cz/mrimage/ahmp_watermark/image/cz/archives/CZ-321100010/NAD-157/dao/images/0023/6bdc16b1a61020aad82acdb4608cbb06.jpg/nahled_maly.jpg"
        ],
        "scan_zoomify_paths": [
          "https://images.ahmp.cz/mrimage/ahmp_watermark/zoomify/cz/archives/CZ-321100010/NAD-157/dao/images/0023/6bdc16b1a61020aad82acdb4608cbb06.jpg"
        ]
      }
    },
    {
      "type": "Feature",
      "geometry": {
        "type": "Point",
        "coordinates": [
          14.43076,
          50.09537
        ]
      },
      "properties": {
        "id": "063D05CB62B211E6A552000C76270B94",
        "group_id": "c8af93940b136de437a5ec99cbb66ddb9239b589",
        "kind": "pozitiv",
        "description": "Pohled na zaplavené staveniště nového Helmovského jezu během velké vody.",
        "date_label": "29.12.1909",
        "start_date": "1909-12-29",
        "end_date": "1909-12-29",
        "author": "",
        "signature": "I 11805",
        "note": "",
        "views": "34x",
        "geolocation_type": "poi",
        "scan_count": 1,
        "scan_previews": [
          "https://images.ahmp.cz/mrimage/ahmp_watermark/image/cz/archives/CZ-321100010/NAD-157/dao/images/0023/d29e7a301bbd847a085f93cc3b3ac059.jpg/nahled_maly.jpg"
        ],
        "scan_zoomify_paths": [
          "https://images.ahmp.cz/mrimage/ahmp_watermark/zoomify/cz/archives/CZ-321100010/NAD-157/dao/images/0023/d29e7a301bbd847a085f93cc3b3ac059.jpg"
        ]
      }
    },
    {
      "type": "Feature",
      "geometry": {
        "type": "Point",
        "coordinates": [
          14.419,
          50.07337
        ]
      },
      "properties": {
        "id": "58550F99E43F11E4BE0074D435EEBE90",
        "group_id": "ea0b2cb092877c5947310ef696bad4317e8a96b0",
        "kind": "pozitiv",
        "description": "Pohled na průčelí \"Faustova domu\" (dům čp. 502 na Novém Městě) do Vyšehradské ulice. V popředí zahradní zeď kostela sv. Jana Na Skalce.",
        "date_label": "31.5.1931",
        "start_date": "1931-05-31",
        "end_date": "1931-05-31",
        "author": "Alexander, Antonín (1892-působnost do 1948)",
        "signature": "I 11185",
        "note": "",
        "views": "78x",
        "geolocation_type": "regional.address",
        "scan_count": 1,
        "scan_previews": [
          "https://images.ahmp.cz/mrimage/ahmp_watermark/image/cz/archives/CZ-321100010/NAD-157/dao/images/0023/1bc7d51eff50bcc80cf32dd9e336a4e0.jpg/nahled_maly.jpg"
        ],
        "scan_zoomify_paths": [
          "https://images.ahmp.cz/mrimage/ahmp_watermark/zoomify/cz/archives/CZ-321100010/NAD-157/dao/images/0023/1bc7d51eff50bcc80cf32dd9e336a4e0.jpg"
        ]
      }
    },
    {
      "type": "Feature",
      "geometry": {
        "type": "Point",
        "coordinates": [
          14.39148,
          50.07167
        ]
      },
      "properties": {
        "id": "62E2D72E2FC011E5A57D74D435EEBE90",
        "group_id": "327d8948b5fa3d4e88ec6433cc7253c8661c5bdc",
        "kind": "pozitiv",
        "description": "Pohled na hrobku na Malostranském hřbitově na Smíchově - původní stav. Rodina Haasova.",
        "date_label": "23.3.1927",
        "start_date": "1927-03-23",
        "end_date": "1927-03-23",
        "author": "Alexander, Antonín (1892-působnost do 1948)",
        "signature": "I 11273",
        "note": "",
        "views": "96x",
        "geolocation_type": "poi",
        "scan_count": 1,
        "scan_previews": [
          "https://images.ahmp.cz/mrimage/ahmp_watermark/image/cz/archives/CZ-321100010/NAD-157/dao/images/0023/d8133da930dbbc1f4fae7dcd6dbe3c53.jpg/nahled_maly.jpg"
        ],
        "scan_zoomify_paths": [
          "https://images.ahmp.cz/mrimage/ahmp_watermark/zoomify/cz/archives/CZ-321100010/NAD-157/dao/images/0023/d8133da930dbbc1f4fae7dcd6dbe3c53.jpg"
        ]
      }
    },
    {
      "type": "Feature",
      "geometry": {
        "type": "Point",
        "coordinates": [
          14.35747,
          50.08511
        ]
      },
      "properties": {
        "id": "64CACA61BAAE11E5A77074D435EEBE90",
        "group_id": "862c62e82394f01a404f6cbadb0e9e3206b4c1e7",
        "kind": "pozitiv",
        "description": "Pohled na Břevnovský klášter (dům čp. 1 v Břevnově) s přilehlými budovami.",
        "date_label": "",
        "start_date": "",
        "end_date": "",
        "author": "",
        "signature": "I 11427",
        "note": "",
        "views": "53x",
        "geolocation_type": "regional.address",
        "scan_count": 1,
        "scan_previews": [
          "https://images.ahmp.cz/mrimage/ahmp_watermark/image/cz/archives/CZ-321100010/NAD-157/dao/images/0016/cd98b71a40b089f1d0c566ac4832621a.jpg/nahled_maly.jpg"
        ],
        "scan_zoomify_paths": [
          "https://images.ahmp.cz/mrimage/ahmp_watermark/zoomify/cz/archives/CZ-321100010/NAD-157/dao/images/0016/cd98b71a40b089f1d0c566ac4832621a.jpg"
        ]
      }
    },
    {
      "type": "Feature",
      "geometry": {
        "type": "Point",
        "coordinates": [
          14.41168,
          49.99366
        ]
      },
      "properties": {
        "id": "4D3B1CD676F211E38AA26C626D41E503",
        "group_id": "c54878a2cb182ffcb29ca7a6ff188adb5530f957",
        "kind": "pozitiv",
        "description": "Pohled na tovární objekty Chirany v Modřanech.",
        "date_label": "1982",
        "start_date": "1982-01-01",
        "end_date": "1982-12-31",
        "author": "Rameš, František",
        "signature": "I 9828",
        "note": "",
        "views": "48x",
        "geolocation_type": "regional.address",
        "scan_count": 1,
        "scan_previews": [
          "https://images.ahmp.cz/mrimage/ahmp_watermark/image/cz/archives/CZ-321100010/NAD-157/dao/images/0022/6dd8760ef4a158178c196b6c6c8c2808.jpg/nahled_maly.jpg"
        ],
        "scan_zoomify_paths": [
          "https://images.ahmp.cz/mrimage/ahmp_watermark/zoomify/cz/archives/CZ-321100010/NAD-157/dao/images/0022/6dd8760ef4a158178c196b6c6c8c2808.jpg"
        ]
      }
    }
  ]
}
